var,run,key,median_rmsd,mean_rmsd,std_rmsd,ccc,inversion_ratio,wd_N-CA,wd_CA-C,wd_C-N,wd_CA-CB
17,1,test_trans,1.627774715423584,1.6480053663253784,0.28801456093788147,0.9673546989241472,0.10625,0.10608774871874421,0.11532135820058881,0.12616308273204463,0.11850731590670063
17,1,train_closed,0.9049848914146423,0.9145881533622742,0.08499019593000412,0.9419136933332797,0.226,0.08673890343468706,0.09528004614282548,0.10445156070610527,0.09683587682367273
17,1,train_open,0.9906027317047119,1.0073201656341553,0.10693076252937317,0.9180557144981231,0.2565,0.0873298433314608,0.10089596753783983,0.10732899922229043,0.10065838010531258
17,2,test_trans,1.6224136352539062,1.6384235620498657,0.2770178020000458,0.9649172982783705,0.0,0.11494193849897591,0.1275076442556049,0.13233134623078643,0.12149982801385201
17,2,train_closed,0.8998834490776062,0.9094333052635193,0.08570432662963867,0.9388181255576425,0.0025,0.09271428083203889,0.107617884073091,0.103428046952933,0.1008584583803111
17,2,train_open,0.9833698868751526,0.9998188018798828,0.11197711527347565,0.9112907877788323,0.2345,0.09617315380901821,0.10885988924483542,0.11033867197364156,0.1067297977109061
17,3,test_trans,1.6092137098312378,1.6279374361038208,0.27639633417129517,0.9703845419657966,0.275,0.10629723478492255,0.1163053619131889,0.120097862497237,0.11233042512695428
17,3,train_closed,0.894980788230896,0.9043620824813843,0.0843353122472763,0.9414412449726612,0.6515,0.08435186203352638,0.09679790924247406,0.09514491111156315,0.08965626680115311
17,3,train_open,0.9808777570724487,0.9934923052787781,0.10845092684030533,0.9171401745560553,0.4805,0.09372527320440903,0.09911212702999113,0.10475870827588028,0.09663875597219929
17,4,test_trans,1.6242265701293945,1.6371278762817383,0.2706376910209656,0.9710609611713363,0.0,0.10891168905588305,0.12243375346874398,0.11911113594686436,0.11755161879795317
17,4,train_closed,0.9019210338592529,0.910744845867157,0.08190543949604034,0.9408510103442597,0.0,0.08820232171856837,0.10416437130723169,0.09641027625395548,0.09940871219374514
17,4,train_open,0.9860625267028809,1.0015451908111572,0.10981177538633347,0.9168897322586167,0.0005,0.09032364430662143,0.10261242492282159,0.10451853087865712,0.10340876869828214
17,5,test_trans,1.6131200790405273,1.6350408792495728,0.2778962254524231,0.9669781034683339,0.064375,0.10977587950322124,0.12280920197283623,0.1286471960911637,0.11803216416292567
17,5,train_closed,0.9282851219177246,0.9371746778488159,0.08582145720720291,0.9443981911272336,0.5205,0.08991938527054583,0.1034050952803761,0.10595657444623985,0.09665511452012536
17,5,train_open,1.0056078433990479,1.0224486589431763,0.11485043168067932,0.9158982499932307,0.284,0.09432356675185727,0.0992059578386134,0.10709117560832852,0.09557633400719695
18,1,test_trans,1.6677908897399902,1.6958884000778198,0.341421902179718,0.9564493336731533,0.056875,0.10771379542856707,0.11390629227081342,0.12028275308248351,0.12058085788857721
18,1,train_closed,0.8963796496391296,0.9048282504081726,0.08750458806753159,0.9443594134311137,0.318,0.09379282382336915,0.09314887259658476,0.09924883342322402,0.10384742009142403
18,1,train_open,1.0143492221832275,1.0296472311019897,0.12273801118135452,0.8953666250839585,0.161,0.0947746258773233,0.09937334553892271,0.10494777688235411,0.10368217464480134
18,2,test_trans,1.622575283050537,1.651763916015625,0.31711429357528687,0.9680358394592558,0.195625,0.10005794577364492,0.10335746701715134,0.1094005822039363,0.10660538098397153
18,2,train_closed,0.8691487312316895,0.8798820972442627,0.0889325812458992,0.9566395897499709,0.7445,0.0812810689948448,0.08128023044096662,0.08995072205557804,0.08365026085683025
18,2,train_open,0.9703950881958008,0.9837183356285095,0.1120767742395401,0.9221246380738498,0.162,0.08759137616809495,0.09152370585083477,0.09764130072092325,0.09307354040183022
18,3,test_trans,1.6508631706237793,1.686311960220337,0.3253054618835449,0.9703522885712759,0.169375,0.11255142765221968,0.12051746829858291,0.11809622583611787,0.11346221260958701
18,3,train_closed,0.8970295190811157,0.9078503251075745,0.08729331940412521,0.9461225711699544,0.6485,0.09058096905243607,0.09853233004332407,0.09796114050156071,0.09457466053972105
18,3,train_open,0.9802834987640381,0.9948136210441589,0.11259748041629791,0.9040594205561091,0.514,0.098612903143844,0.09965597361067058,0.10061001456831353,0.10010030883798365
18,4,test_trans,1.6944479942321777,1.7061141729354858,0.33073195815086365,0.950681917513857,0.1075,0.11467959717446752,0.11888109519527867,0.12539408975532873,0.12389884235923831
18,4,train_closed,0.9022117257118225,0.909071683883667,0.0900278091430664,0.9405294924868313,0.412,0.09542696256028575,0.09665603827942572,0.1037649996284772,0.1009075861248172
18,4,train_open,1.022617220878601,1.0405389070510864,0.12749838829040527,0.8883733336537322,0.237,0.09827934002825117,0.09932056099369062,0.11001479922564816,0.11560884380670408
18,5,test_trans,1.670548915863037,1.692274808883667,0.34161651134490967,0.9593837632782012,0.085,0.11177457594881751,0.11879224936855039,0.11950159767780397,0.11798540332136428
18,5,train_closed,0.8870999813079834,0.8968009352684021,0.08490687608718872,0.9410069969604167,0.3895,0.09111440005656377,0.09381761138604902,0.0937024651155764,0.09767432752630714
18,5,train_open,0.994243323802948,1.0108122825622559,0.12583261728286743,0.8948929820044518,0.4945,0.09623732110738609,0.09573065563085004,0.10397054262565232,0.10234275483998752
19,1,test_trans,1.8358478546142578,1.856523871421814,0.39042508602142334,0.8986589836557842,0.010625,0.15562250343394357,0.17528958774297526,0.16774295286308571,0.15799380618393888
19,1,train_closed,0.9946242570877075,1.0084086656570435,0.10225484520196915,0.9279927910112982,0.16,0.131885947018589,0.14300898678979285,0.138735493059424,0.12914918359648656
19,1,train_open,1.1122857332229614,1.1358516216278076,0.12615373730659485,0.8804786983496691,0.002,0.1340001219129382,0.15218291777624693,0.14736380409343816,0.13837454460938495
19,2,test_trans,1.8104366064071655,1.8331646919250488,0.38196128606796265,0.9076666187339697,0.01625,0.13930193387357698,0.16627034292072557,0.15800974311102012,0.14412330196804435
19,2,train_closed,0.9566964507102966,0.9695093035697937,0.09737125039100647,0.9428020889551705,0.343,0.11920047943253119,0.14214549394102777,0.1376803681368024,0.12011637287795243
19,2,train_open,1.065374732017517,1.0812816619873047,0.13055765628814697,0.8892752802827416,0.0015,0.12261081257276664,0.14866031884163328,0.15097792738963167,0.12753937549577546
19,3,test_trans,1.7637901306152344,1.7855740785598755,0.3909878730773926,0.8836046162788659,0.110625,0.11479939233055626,0.12393821858278789,0.12401019426955576,0.12076695160292819
19,3,train_closed,0.8999806046485901,0.9116412401199341,0.0865153819322586,0.9569258851689885,0.6055,0.09303707884811294,0.10213376440875047,0.10613565248963562,0.10067998724373572
19,3,train_open,1.0004078149795532,1.013641357421875,0.11074116080999374,0.898388920218073,0.337,0.09774184901599761,0.10168074870604833,0.10643023298618391,0.10365692111876995
19,4,test_trans,1.6973687410354614,1.7323813438415527,0.31187811493873596,0.9733379608674272,0.003125,0.14598048696278973,0.16310997287530743,0.16765345200834308,0.14763270791893318
19,4,train_closed,0.9928356409072876,1.003928303718567,0.0941198393702507,0.945554624355052,0.1355,0.12486454241685734,0.13684918435175364,0.1467610344419238,0.12532969169268005
19,4,train_open,1.0719184875488281,1.092647671699524,0.12060605734586716,0.8927656498905767,0.016,0.12453727062590403,0.14042484127788524,0.14572493973781914,0.12807366303399542
19,5,test_trans,1.7600526809692383,1.769605278968811,0.32220539450645447,0.9669342622762457,0.0175,0.145427156296224,0.16298746302668482,0.15733476362394594,0.14938916614096182
19,5,train_closed,0.9727044105529785,0.9888882040977478,0.10571511834859848,0.9333008078073645,0.3175,0.11252843419378905,0.12343124596402894,0.1208176123142081,0.11509227644132285
19,5,train_open,1.0791518688201904,1.0993237495422363,0.1317283660173416,0.879301331589653,0.0365,0.11551858680228141,0.1333105519705494,0.12776039405756648,0.12367950689597453
20,1,test_trans,1.6465511322021484,1.6825201511383057,0.31921297311782837,0.9706699393573921,0.043125,0.1183915482648569,0.1233935494201569,0.12488107833983533,0.12926470005109442
20,1,train_closed,0.8834136128425598,0.8931225538253784,0.08599580824375153,0.9535051005755757,0.0365,0.09877619084439636,0.10253543844041611,0.10317069372818427,0.11606995929939029
20,1,train_open,0.987627387046814,0.9995774030685425,0.10499291121959686,0.9173495287685156,0.244,0.10544284539957884,0.10653969356866898,0.10795142685278494,0.11159420702886994
20,2,test_trans,1.6766252517700195,1.7029002904891968,0.36021336913108826,0.9689167931757234,0.178125,0.10714615448931063,0.11815431813672152,0.11654677314670439,0.12036292424735143
20,2,train_closed,0.8934167623519897,0.9021915793418884,0.08215015381574631,0.9516441855918314,0.4515,0.08831324690270065,0.09625383695786131,0.09529903996957959,0.0967414936759611
20,2,train_open,0.984169602394104,0.9965059161186218,0.11689117550849915,0.9024820223714267,0.538,0.09288558583882237,0.09802282783433415,0.09681739831553493,0.1005810401415082
20,3,test_trans,1.6741904020309448,1.7083512544631958,0.34196633100509644,0.9660672292480476,0.0,0.11736734826714496,0.11438549087483023,0.11794515936910982,0.11942929386788798
20,3,train_closed,0.9047272801399231,0.9133791327476501,0.09004174917936325,0.9502736049343352,0.0,0.09618257421602919,0.0981158148004275,0.09297339905007239,0.1001576292286967
20,3,train_open,0.9860625267028809,0.9960660934448242,0.10955275595188141,0.9166077159355783,0.0,0.10023003940296174,0.10177210421413518,0.10172929805004549,0.10334352435685812
20,4,test_trans,1.6094671487808228,1.6531344652175903,0.31886664032936096,0.9665117077448289,0.0025,0.10271123092493678,0.10959406248666774,0.11321861025808945,0.11217930300445106
20,4,train_closed,0.861640453338623,0.8715841174125671,0.08623219281435013,0.9550137665371456,0.0415,0.08365182484075996,0.08881362042144723,0.09235848765557111,0.09211051907703764
20,4,train_open,0.9576096534729004,0.9723317623138428,0.11039835959672928,0.9092507665655567,0.025,0.08748270742232042,0.09535371275587984,0.09824044831283396,0.09447660996177491
20,5,test_trans,1.7065621614456177,1.759861946105957,0.3594186007976532,0.9611811298997875,0.0,0.13763920670711952,0.14779989502326635,0.14626719469747645,0.14913995326415122
20,5,train_closed,0.9703050255775452,0.9823805093765259,0.0961122065782547,0.9381558067861953,0.2875,0.12419897710830316,0.13446159351649495,0.12523837185029044,0.13376924191768133
20,5,train_open,1.055814266204834,1.0736703872680664,0.12052023410797119,0.8959920169890077,0.002,0.1270326924781301,0.1343626450470881,0.13188578258793138,0.13667841446726242
2,1,test_trans,2.132089138031006,2.2341089248657227,0.5633801221847534,0.8728911871105072,0.391875,0.11919634025380368,0.12518115851118133,0.1330766389920664,0.12510122466685775
2,1,train_closed,1.039404273033142,1.0528340339660645,0.13297532498836517,0.8769902075521112,0.701,0.09997034204108497,0.10471344772837124,0.11029238310705777,0.10226530334128241
2,1,train_open,1.1961233615875244,1.2524895668029785,0.2625536322593689,0.6246049612414394,0.6155,0.09429302139402947,0.1025207768927928,0.10381533271756144,0.09779154410894472
2,2,test_trans,2.1186814308166504,2.2500078678131104,0.5986713767051697,0.8778384918699007,0.0,0.16782806958964874,0.17305312067975684,0.1845898106227975,0.17643136954407704
2,2,train_closed,1.1179298162460327,1.1306835412979126,0.13905951380729675,0.8486684991528708,0.0,0.15617380564675173,0.16130163037773548,0.17109847272452983,0.16446375730950907
2,2,train_open,1.264634609222412,1.3281792402267456,0.28455331921577454,0.5631705822762398,0.0,0.15588304550345605,0.16000175942209474,0.17426796239139433,0.1636105911964059
2,3,test_trans,2.1061291694641113,2.184100389480591,0.5320086479187012,0.8854954437826481,0.010625,0.14858144588217587,0.15575865841242617,0.16366665550594386,0.15995157109148878
2,3,train_closed,1.0890693664550781,1.1065282821655273,0.13610245287418365,0.8575372341041648,0.0375,0.1313083108027959,0.14283722201388674,0.14961408443750418,0.14426576846699124
2,3,train_open,1.256892204284668,1.322981595993042,0.2730613052845001,0.5337613550919945,0.1315,0.13580670281221718,0.13864259375737525,0.1521742688541838,0.14063700057969641
2,4,test_trans,2.1206881999969482,2.2375457286834717,0.5686622262001038,0.8777160773376077,0.0,0.1686378414844089,0.17707648069900384,0.18665216774711757,0.1742607388732561
2,4,train_closed,1.1025240421295166,1.114011526107788,0.14157634973526,0.845030091365471,0.0,0.1472833785198851,0.15201291568564498,0.16252924845827346,0.15470119335235916
2,4,train_open,1.259486198425293,1.3188836574554443,0.2688898742198944,0.5507703588651907,0.0,0.15032563157405193,0.15429195491838305,0.16394149632597294,0.14650831845251647
2,5,test_trans,2.146268129348755,2.2259981632232666,0.5322903394699097,0.8711888791890867,0.191875,0.14135579661338296,0.13883876803471712,0.13828458090180334,0.14940088155121678
2,5,train_closed,1.084538459777832,1.099643349647522,0.13599464297294617,0.847518597483277,0.3335,0.12517356150442188,0.12470786503523376,0.1204568834456045,0.13390468157801583
2,5,train_open,1.2490088939666748,1.3094725608825684,0.26389962434768677,0.5664341129394364,0.004,0.12740904867270586,0.12866481062731538,0.1310962712654862,0.1359767161091386
3,1,test_trans,2.3566341400146484,2.8725016117095947,1.313597321510315,0.2871401347918733,0.27125,0.10544220965289575,0.11677352170487644,0.11872494885552703,0.1133258579584585
3,1,train_closed,1.0481975078582764,1.065554141998291,0.1457032710313797,0.8528729247023876,0.3675,0.09875614746617371,0.10937431791083768,0.10933811287599,0.10662259225932041
3,1,train_open,1.1853318214416504,1.2184184789657593,0.19378258287906647,0.7014605018344695,0.5365,0.10114184844851908,0.11315766711655817,0.11538112472561667,0.11186805115703498
3,2,test_trans,2.2776787281036377,2.723385810852051,1.1895825862884521,0.3258815737604204,0.405625,0.1002934707548187,0.10673671829290417,0.10557214684141455,0.11365611090174689
3,2,train_closed,1.0185917615890503,1.0365058183670044,0.13513094186782837,0.8623143577732714,0.7725,0.09343545597433632,0.09652607614596459,0.09859744137212847,0.10464428142484475
3,2,train_open,1.1532613039016724,1.1866626739501953,0.18083450198173523,0.7169271802922803,0.534,0.09843906719679135,0.10630063945825642,0.10559254768181503,0.10921372944761243
3,3,test_trans,2.213107109069824,2.7686684131622314,1.3212918043136597,0.24931063500049444,0.16,0.10052015894203437,0.10995849174025378,0.11484555813921771,0.10471196081576126
3,3,train_closed,1.0127105712890625,1.0278823375701904,0.12791138887405396,0.8844334182475738,0.4905,0.09401896892702824,0.10056659410348329,0.10902797582738714,0.09710449572515575
3,3,train_open,1.1388201713562012,1.1755305528640747,0.18270771205425262,0.7232025294307977,0.611,0.0949292906065659,0.10475372818724445,0.10983895663419788,0.10320249758377406
3,4,test_trans,2.2663416862487793,2.797598361968994,1.2485939264297485,0.27697919748396,0.44375,0.11071795490926248,0.11685131116346113,0.11694504189836895,0.11058166446469218
3,4,train_closed,1.0460548400878906,1.0653185844421387,0.14496736228466034,0.870978922399672,0.6825,0.10472307178176929,0.11158250569103784,0.10832203213120342,0.10298978739374445
3,4,train_open,1.1778106689453125,1.2118687629699707,0.18746289610862732,0.6993967555660152,0.616,0.10563164724204144,0.1138375648608946,0.11380501479460714,0.10812433588958009
3,5,test_trans,2.3576858043670654,2.3544135093688965,0.6144591569900513,0.819498427835273,0.028125,0.14998008587870756,0.15562466920715773,0.15678190701546352,0.15906978073166295
3,5,train_closed,1.1019690036773682,1.1222504377365112,0.16272810101509094,0.828827941016337,0.33,0.11966566803086408,0.12875083417607394,0.1310643985761891,0.13104190870278726
3,5,train_open,1.2240309715270996,1.256639838218689,0.21047936379909515,0.6418241471777709,0.0165,0.13769653291920164,0.13756174236832688,0.14042646633018088,0.14567327402976876
4,1,test_trans,1.9273821115493774,1.9971160888671875,0.41015884280204773,0.9321282357028684,0.18375,0.11928511906694392,0.123345284295019,0.13010770396816473,0.1214150646497362
4,1,train_closed,0.9980167150497437,1.0100921392440796,0.10783080756664276,0.9107557217953715,0.735,0.09994655633491009,0.1035763628865406,0.10564125839542227,0.10621488558172572
4,1,train_open,1.132765769958496,1.1573691368103027,0.14520594477653503,0.8136309040118436,0.6405,0.09841550463446566,0.10820531422228849,0.11644238285609287,0.10861751579744784
4,2,test_trans,1.9449892044067383,1.9979130029678345,0.39156031608581543,0.9381322630180196,0.12125,0.12784270379875584,0.1356552883023418,0.13519958938554738,0.12600169809680595
4,2,train_closed,1.0246381759643555,1.0320395231246948,0.10937237739562988,0.9193577013401383,0.693,0.10906372866885274,0.1119107679299481,0.11336943575046057,0.10773157544846937
4,2,train_open,1.1341540813446045,1.1602336168289185,0.1506396234035492,0.8285186379045789,0.502,0.10801296501130171,0.11849740618220965,0.1172460059068258,0.10737694264850786
4,3,test_trans,2.0685935020446777,2.1014957427978516,0.39834603667259216,0.9065465281623148,0.0,0.21070681432343036,0.2100906132009028,0.21475873806843884,0.22140779686216686
4,3,train_closed,1.2289011478424072,1.2429765462875366,0.14671239256858826,0.8261479978256813,0.0,0.17701054119668239,0.171878564579033,0.18484043485968615,0.18859646840774527
4,3,train_open,1.3045554161071777,1.3415957689285278,0.20142151415348053,0.680902447554124,0.0,0.19109393732774,0.19193693213134128,0.19220814310044143,0.20546078699121545
4,4,test_trans,1.944015383720398,1.9905270338058472,0.40969118475914,0.936281556168207,0.085625,0.1282849850545659,0.1295112950998855,0.135528123490523,0.13144601055451427
4,4,train_closed,1.0065635442733765,1.0188357830047607,0.11376429349184036,0.9055717617501222,0.624,0.10560287603408589,0.10145876180600526,0.11134614214738578,0.11062514084755863
4,4,train_open,1.1254370212554932,1.1489450931549072,0.14880289137363434,0.8184227476743509,0.376,0.11109247451307974,0.11165357442131976,0.11457855867532538,0.11039789498883582
4,5,test_trans,1.9645158052444458,2.0119292736053467,0.405060738325119,0.9363267922479519,0.086875,0.129109453842176,0.14296208781848743,0.1417241237698007,0.12844232872958936
4,5,train_closed,1.0139182806015015,1.0250476598739624,0.10930059850215912,0.9121009954481615,0.5805,0.10721725531815803,0.11496707048708699,0.11871519052686696,0.10464324669581207
4,5,train_open,1.138334035873413,1.1613773107528687,0.15362586081027985,0.8178795437636669,0.5305,0.11464001178802836,0.1287313221325112,0.12728993346392614,0.11441664105267157
5,1,test_trans,1.8863390684127808,1.9278401136398315,0.31995606422424316,0.9629850745938513,0.01375,0.15268396587905966,0.16219156420284558,0.17166627545422888,0.16558777423763207
5,1,train_closed,1.093475103378296,1.1077604293823242,0.12256624549627304,0.9075482082163994,0.1885,0.12512371837922304,0.13185353554587476,0.13720439677424037,0.1364202112558882
5,1,train_open,1.2089892625808716,1.2458994388580322,0.17478974163532257,0.7927990451672094,0.1105,0.12035745226425591,0.12811330560969028,0.1464551657218776,0.1446993958563813
5,2,test_trans,1.880769968032837,1.9204177856445312,0.33006393909454346,0.9623767226163142,0.004375,0.16170529644915033,0.17367539052870679,0.17238749206548878,0.17800335530085512
5,2,train_closed,1.0915814638137817,1.105682373046875,0.11930958926677704,0.9086623992591777,0.0195,0.13380700939610704,0.13926957157312186,0.14116235461925078,0.1550675404444525
5,2,train_open,1.2092783451080322,1.2453138828277588,0.16430583596229553,0.7965027748817479,0.0,0.1454427489556833,0.15129224196981722,0.14670206639016853,0.15427757400210002
5,3,test_trans,1.8460566997528076,1.8810310363769531,0.3287259638309479,0.9563758672041306,0.010625,0.1445215507821677,0.14854545406353586,0.1379433276075624,0.1439938998758037
5,3,train_closed,0.9946828484535217,1.007663369178772,0.11096201092004776,0.9129638610696973,0.2985,0.11437360858480769,0.11243219145803425,0.11020390958393661,0.11303681586005294
5,3,train_open,1.1603642702102661,1.193090558052063,0.1783256232738495,0.8314533396458851,0.1275,0.11877721819267073,0.12093619041074938,0.11904072202777129,0.1253796938007851
5,4,test_trans,1.9054574966430664,1.9441593885421753,0.3294128477573395,0.959372899105056,0.02125,0.14602938545978617,0.15249227816010966,0.16106290883122962,0.1456820928636865
5,4,train_closed,1.0463054180145264,1.0606908798217773,0.11622641235589981,0.9013482589944515,0.255,0.11916561870626438,0.12570008032951396,0.12986892026233057,0.11406516311649854
5,4,train_open,1.1776621341705322,1.2178709506988525,0.18194015324115753,0.792177520600033,0.0,0.12471618409967158,0.13247898530404273,0.13421415950744114,0.12303941829142256
5,5,test_trans,1.9129207134246826,1.9459466934204102,0.3401584029197693,0.9621636074484095,0.003125,0.16600928556215316,0.18571325471827194,0.1863262267035877,0.1729308067089044
5,5,train_closed,1.09568452835083,1.1092089414596558,0.11694776266813278,0.9026190651757748,0.059,0.14087340114071317,0.16150191308534123,0.16065943235175995,0.14113342678150903
5,5,train_open,1.195904016494751,1.2285687923431396,0.16805905103683472,0.7804673196236297,0.0,0.13678135925571452,0.16088007486635486,0.16265754727691162,0.14325682790134497
6,1,test_trans,1.8587504625320435,1.8967230319976807,0.35324472188949585,0.9167970302182203,0.0,0.1818657888115749,0.18845587387820562,0.1960977617808543,0.1859983670905056
6,1,train_closed,1.1508079767227173,1.15712571144104,0.12365041673183441,0.8907970119976809,0.0,0.16326490268331179,0.1661275285858345,0.182218653315046,0.1622573366015025
6,1,train_open,1.2348617315292358,1.2669596672058105,0.1818794161081314,0.7533755523641452,0.0,0.17276615357690525,0.18078919765812684,0.1922874988639608,0.18594779699920722
6,2,test_trans,1.8638849258422852,1.899236798286438,0.34095656871795654,0.9196441819947688,0.0,0.163224839091075,0.1699786145320413,0.1828173401048237,0.18767627083949798
6,2,train_closed,1.1382315158843994,1.1476554870605469,0.1379859894514084,0.8936118760337852,0.0,0.14038363968497425,0.15161181636949156,0.16493492745268032,0.16574136960260588
6,2,train_open,1.2252442836761475,1.2605568170547485,0.18705812096595764,0.7641707943453403,0.016,0.15278239599204452,0.16557984694110503,0.16958396225729366,0.17786303256267236
6,3,test_trans,1.857072353363037,1.894301176071167,0.3473353087902069,0.906940879988589,0.0,0.1665055650589854,0.1727540086084354,0.17634696068648048,0.1797890070701718
6,3,train_closed,1.146902084350586,1.1560925245285034,0.13359831273555756,0.8965383030809944,0.0,0.15127966987527475,0.1519194554086918,0.15744986045598075,0.15755350363961135
6,3,train_open,1.2492189407348633,1.2875045537948608,0.1929398626089096,0.7614042820558463,0.013,0.16142085568245404,0.16494975091741168,0.17382280963144478,0.16970334221944391
6,4,test_trans,1.894738793373108,1.9219142198562622,0.36614441871643066,0.9073997165634446,0.0,0.17783009722737217,0.18205835126713327,0.19174370407094804,0.18479970941852017
6,4,train_closed,1.147537112236023,1.1553211212158203,0.13367730379104614,0.8854162281272481,0.0,0.16130877038758065,0.16129657433915134,0.1740693760327505,0.16295640798355973
6,4,train_open,1.2278574705123901,1.262613296508789,0.18348833918571472,0.7620984591526214,0.0,0.17008204284994027,0.17654625700836138,0.18402421830317073,0.17725315902464717
6,5,test_trans,1.9039738178253174,1.9371665716171265,0.3549034297466278,0.9228943900482488,0.0,0.19611456457751414,0.19453934757339422,0.2090935312129222,0.1941664167707764
6,5,train_closed,1.167224407196045,1.1758520603179932,0.139208123087883,0.8869304502547991,0.0,0.18110844126476697,0.17669317012801933,0.19246526367815414,0.17371079663059638
6,5,train_open,1.2611045837402344,1.2957708835601807,0.19107677042484283,0.7465205360325372,0.0,0.179069150897523,0.1910727989762865,0.199593507717321,0.18310293342976103
7,1,test_trans,1.7487423419952393,1.7852566242218018,0.334850549697876,0.9684073450013502,0.15625,0.11574711787646533,0.13022827577550228,0.12437343002424073,0.12153265392606591
7,1,train_closed,0.925235390663147,0.9387257099151611,0.09874466806650162,0.9316538938888094,0.5985,0.07765868556526764,0.08909958722454325,0.08736793738138776,0.08903914896460718
7,1,train_open,1.0338670015335083,1.0506887435913086,0.12439046800136566,0.8973039861063347,0.3495,0.08367568319804061,0.09557938530524554,0.09447182526555647,0.08821595642633129
7,2,test_trans,1.7349250316619873,1.757623314857483,0.30463749170303345,0.9666033006769637,0.035,0.1229132423191,0.1288940716646099,0.13639687175885976,0.13414406229181192
7,2,train_closed,0.9525454044342041,0.9618330597877502,0.09794440120458603,0.9169097804096091,0.646,0.09249127188058963,0.09748237372631337,0.10634710920894314,0.10063569850833054
7,2,train_open,1.0725164413452148,1.0963170528411865,0.13459283113479614,0.8712117337290023,0.322,0.10301785768938491,0.10358185591947636,0.1144070342712343,0.10732745005668004
7,3,test_trans,1.7496919631958008,1.766762375831604,0.30629172921180725,0.9658767267139098,0.05125,0.1222390914257419,0.12977116512790024,0.13510656860731793,0.1305397588401677
7,3,train_closed,0.9476692080497742,0.9579705595970154,0.10088411718606949,0.9183294144618327,0.4525,0.09382697036557185,0.09722126498508105,0.10545384999036515,0.09659837293118154
7,3,train_open,1.0636229515075684,1.0889365673065186,0.13806268572807312,0.8745445030009832,0.328,0.09657802844318641,0.10680495630907101,0.11382674645934963,0.10382124225635742
7,4,test_trans,1.751273274421692,1.7877404689788818,0.3269302546977997,0.9672180794639395,0.0575,0.1214858804248674,0.13154746917084928,0.14354590518473764,0.12358000730265221
7,4,train_closed,0.946931004524231,0.9560546278953552,0.09991848468780518,0.9253718862794722,0.532,0.09466883823763168,0.10064295744186676,0.11198691641857168,0.09456659956790646
7,4,train_open,1.0607974529266357,1.0859462022781372,0.1407669335603714,0.8790338140707913,0.348,0.09673921876971874,0.10739337802611854,0.12025709862620879,0.10402764059464337
7,5,test_trans,1.730216145515442,1.761765956878662,0.31457409262657166,0.9667525967526335,0.044375,0.12362829120111508,0.13599887013465195,0.13915758910424447,0.1268195809439171
7,5,train_closed,0.9570313692092896,0.9670368432998657,0.09854241460561752,0.9198192088143274,0.712,0.09183325757403393,0.10153638776523033,0.10926637020720807,0.09070206945098623
7,5,train_open,1.0747418403625488,1.0988463163375854,0.1352887749671936,0.8809613144714618,0.0205,0.09669544712493282,0.10757949247003226,0.11863967223455192,0.10403289015932711
8,1,test_trans,2.002460479736328,2.0014379024505615,0.46899089217185974,0.9423937017442436,0.2625,0.11191481690995576,0.12999885938484101,0.12878412603328027,0.11616152962092632
8,1,train_closed,0.9582788348197937,0.9664979577064514,0.09311400353908539,0.9214291058259417,0.7195,0.0913164328030338,0.10354327442795372,0.10118615589916288,0.09352790031437626
8,1,train_open,1.0402729511260986,1.0610849857330322,0.11727605015039444,0.8878099632159374,0.445,0.09581329535737688,0.10691743125364145,0.10495847746667472,0.0962723643264783
8,2,test_trans,1.8259811401367188,1.8258001804351807,0.34783437848091125,0.9495891431668196,0.01125,0.12297173383404884,0.12447997200948524,0.12877906587584703,0.12073697277054465
8,2,train_closed,0.982361912727356,0.9927351474761963,0.09705081582069397,0.9300261609832197,0.135,0.10363957567437965,0.10428346671085606,0.10611315945532046,0.09860892482736258
8,2,train_open,1.0669324398040771,1.0891321897506714,0.12527412176132202,0.8917457879587013,0.1135,0.10952881756903135,0.11845963911372887,0.11367607000637645,0.11132363655059714
8,3,test_trans,1.961146354675293,1.9817923307418823,0.37895262241363525,0.9248024003063426,0.0,0.16889430135100633,0.1813356079573975,0.1832311467074475,0.18022088158886276
8,3,train_closed,1.138077974319458,1.14829421043396,0.12057895958423615,0.8911129308808282,0.0,0.15321185216447444,0.15822019385012803,0.16106074412741236,0.16195417970640352
8,3,train_open,1.1866830587387085,1.2128779888153076,0.1634826362133026,0.786396204342488,0.0,0.14834129893322834,0.1656872010823568,0.16244774057946815,0.15168548867316634
8,4,test_trans,1.9542999267578125,1.999243140220642,0.4711637794971466,0.9399578995801809,0.144375,0.12417349833200192,0.14002828315733687,0.1420683531986694,0.13500786764531977
8,4,train_closed,1.0006699562072754,1.0113263130187988,0.0957212746143341,0.9246562310009394,0.6475,0.09670390524740757,0.10655627058590474,0.10531512034257205,0.10725540748786556
8,4,train_open,1.0882666110992432,1.111167073249817,0.12635865807533264,0.8641236208185583,0.0175,0.10247880600575253,0.10871064036658343,0.11258408281253221,0.1062363083703767
8,5,test_trans,2.0045692920684814,1.9856454133987427,0.43651506304740906,0.9497579548151263,0.0,0.12842804625414062,0.14345989856223232,0.13682559239132336,0.13229228457859402
8,5,train_closed,0.996087908744812,1.0101755857467651,0.10585757344961166,0.9256548508107333,0.0,0.09921843476851361,0.1099900409975163,0.10259450148169044,0.09924258405242294
8,5,train_open,1.0720815658569336,1.0972144603729248,0.13154363632202148,0.8520414295819189,0.0245,0.10547572030128118,0.11916675312829023,0.10783839848893043,0.10454066039421966
9,1,test_trans,1.6622084379196167,1.7084534168243408,0.34067052602767944,0.970309224740175,0.115,0.11552968071257899,0.11888312220530806,0.12860848279291803,0.1161010432073738
9,1,train_closed,0.8966071605682373,0.9067861437797546,0.09105996787548065,0.9438996079836461,0.78,0.08955571117666423,0.08999155769307907,0.10102414737359855,0.08663079055640799
9,1,train_open,0.9967020153999329,1.0093045234680176,0.10832347720861435,0.8850022510962916,0.4725,0.09277058574338853,0.09620082842856993,0.09941618289005588,0.09510556721554066
9,2,test_trans,1.7531523704528809,1.7720297574996948,0.3424515724182129,0.9620342531626956,0.088125,0.13483358236980236,0.1401997198063019,0.136157224231502,0.14414546064563294
9,2,train_closed,0.959129810333252,0.9713003039360046,0.1034477949142456,0.9198734171292579,0.577,0.10108651754345305,0.1100906448298958,0.10760272602617324,0.11245758441721157
9,2,train_open,1.0728695392608643,1.0908524990081787,0.12483680248260498,0.8833603375831579,0.0425,0.10913545189910412,0.11665177959999935,0.10725317322317546,0.12078690756916516
9,3,test_trans,1.7929705381393433,1.8090810775756836,0.3438584506511688,0.9693339458222023,0.0575,0.14051577122381187,0.14561556934931047,0.1448781302544381,0.1512436309003245
9,3,train_closed,0.9903379082679749,1.0029325485229492,0.11499876528978348,0.9125840723102681,0.5695,0.10845893356319958,0.11177412892236988,0.11621291624766635,0.1240457476695403
9,3,train_open,1.0634037256240845,1.08321213722229,0.12712420523166656,0.865328762788221,0.1885,0.11941548191663938,0.12163762608743361,0.1203144660721267,0.126344353360375
9,4,test_trans,1.7448725700378418,1.7680169343948364,0.3169376254081726,0.9668015583786002,0.005625,0.13866498315263576,0.13839220204818933,0.1453702482073292,0.14349830464577248
9,4,train_closed,0.9846727252006531,0.9944453239440918,0.10325375199317932,0.9264690495170058,0.144,0.11143403791586792,0.11251550678380279,0.11559255546807329,0.12097836603214904
9,4,train_open,1.0712931156158447,1.090537190437317,0.12496674060821533,0.8760326429414425,0.329,0.11900214169638172,0.11542250257336649,0.11903198340846172,0.12644665025026364
9,5,test_trans,1.7736414670944214,1.8023028373718262,0.3339250683784485,0.9615729373892984,0.0625,0.13844271395231855,0.14430681191131184,0.14626684539103363,0.14714457989779411
9,5,train_closed,0.9539514183998108,0.9644003510475159,0.10027846693992615,0.9305622143686278,0.3965,0.11854635892799906,0.11686825090346681,0.12224035596496383,0.12665854659038453
9,5,train_open,1.0504467487335205,1.073773980140686,0.13692468404769897,0.8937624483041688,0.191,0.12193669301283373,0.12027348909689037,0.1230349392867735,0.12749989067701148
10,1,test_trans,1.6581366062164307,1.666463017463684,0.2408643215894699,0.9670108377424098,0.074375,0.1255057376704138,0.1357214486197244,0.139433655287107,0.13372978709098576
10,1,train_closed,0.9552943706512451,0.9643867611885071,0.09044937789440155,0.9344823542644304,0.6025,0.09911391967081501,0.11443546326734653,0.11757564721222345,0.10771826244684254
10,1,train_open,1.0339233875274658,1.0535213947296143,0.12644746899604797,0.9010130278084973,0.3445,0.10249989479384651,0.11218596401998181,0.11896020258653817,0.10671585633085862
10,2,test_trans,1.64808988571167,1.652287244796753,0.27300646901130676,0.9683823289497513,0.099375,0.10892956984513924,0.12904702461049705,0.13124633517445244,0.12173242315298105
10,2,train_closed,0.8905094265937805,0.898849606513977,0.08456237614154816,0.9450860366784316,0.659,0.08663309810104312,0.10359969768270808,0.10675508828662816,0.09460858730525147
10,2,train_open,0.9790045022964478,0.9943231344223022,0.10838659107685089,0.8956570065113024,0.411,0.09194414807625907,0.10661555663285699,0.11144643001354078,0.0987190140316296
10,3,test_trans,1.702836036682129,1.6985098123550415,0.2591591477394104,0.9661842529238283,0.053125,0.12037499137510464,0.13104910627124683,0.1338912523128819,0.13165757150476654
10,3,train_closed,0.9299159049987793,0.9411105513572693,0.09626799821853638,0.9407774204672084,0.082,0.09595779436688606,0.1103837349170678,0.11240398264778867,0.10634520786415116
10,3,train_open,1.0037226676940918,1.0216633081436157,0.12240972369909286,0.9013613152634155,0.02,0.09752297022374391,0.11179992671298959,0.11411052115064196,0.10604376070920174
10,4,test_trans,1.7012438774108887,1.7031522989273071,0.2956351041793823,0.9707044157081186,0.17875,0.11873371749366167,0.11578905666219308,0.12441039992340977,0.12684604412343545
10,4,train_closed,0.9268086552619934,0.9350916147232056,0.09132158011198044,0.9482361887562476,0.4705,0.09256307577140602,0.09405051460903077,0.09888969970718375,0.10041068207012752
10,4,train_open,1.0186774730682373,1.034008264541626,0.11442352086305618,0.8971479725340251,0.1835,0.10057487301452578,0.09583683379990146,0.10405187860762688,0.10647799538123778
10,5,test_trans,1.6794382333755493,1.6806100606918335,0.2810490131378174,0.969984604591902,0.0475,0.11399380336679708,0.12076182343905424,0.12305510453640595,0.11809219548364941
10,5,train_closed,0.9073964357376099,0.9179171323776245,0.08868757635354996,0.9435557202919643,0.1125,0.08937868102160818,0.10221201084104092,0.10400842927503959,0.09352672235055891
10,5,train_open,0.994653582572937,1.0100723505020142,0.10960743576288223,0.9026491502497166,0.177,0.09121276167691504,0.10769690551136532,0.10697674270486887,0.09548927393071441
11,1,test_trans,1.6873655319213867,1.6944659948349,0.29791685938835144,0.9710533594582653,0.009375,0.12519412845347577,0.1321647168088543,0.13156555569644174,0.1246536499469233
11,1,train_closed,0.9037928581237793,0.9138711094856262,0.08650479465723038,0.9318407559615844,0.207,0.09921778538086609,0.10048531873445768,0.10379069408195062,0.09659667112120894
11,1,train_open,1.0004661083221436,1.0178470611572266,0.1330222487449646,0.903704219957828,0.1535,0.10156776836799208,0.10665890683777614,0.11447234070676995,0.10446406382400195
11,2,test_trans,1.630725622177124,1.6337884664535522,0.28454554080963135,0.9738550710546175,0.179375,0.10983810178147005,0.11397761202272398,0.11316613735646588,0.11527565994792564
11,2,train_closed,0.865082859992981,0.8730126023292542,0.08009815961122513,0.9494828530429548,0.823,0.08350522007917652,0.08357381656588625,0.08730089205325745,0.08541916493219456
11,2,train_open,0.9703050255775452,0.9802061915397644,0.11075808852910995,0.9133344890187332,0.596,0.09165423438948678,0.08873096759376922,0.08923462538884683,0.09671890654971338
11,3,test_trans,1.6854132413864136,1.7027778625488281,0.30788058042526245,0.9667615189385184,0.160625,0.1018030103523439,0.09936019988231863,0.09953326152483806,0.10356033618418814
11,3,train_closed,0.8710575103759766,0.8814408183097839,0.08724234998226166,0.949352682409422,0.745,0.07886821802509454,0.08181286422966279,0.0794663032824772,0.08557601652801114
11,3,train_open,0.9705451726913452,0.9836015105247498,0.11480636894702911,0.9057158535870873,0.567,0.0876648095627091,0.08338095521023271,0.08435496355897382,0.0915341188657269
11,4,test_trans,1.7313777208328247,1.7330409288406372,0.28900906443595886,0.9710054686341194,0.00375,0.1422750878156841,0.15506972829478793,0.14291767828924784,0.14077077545235012
11,4,train_closed,0.9718353152275085,0.9804894924163818,0.09270472079515457,0.9395648281273942,0.0015,0.11887309888342842,0.12923804764156324,0.11805628826311973,0.1161696685460849
11,4,train_open,1.0660309791564941,1.0815528631210327,0.11730488389730453,0.884893587527309,0.083,0.12385511184490589,0.13343000964950158,0.12627171873230383,0.1288611678161122
11,5,test_trans,1.6215513944625854,1.6357216835021973,0.2571077048778534,0.9734776354148557,0.015625,0.13200336716988148,0.1301689473360146,0.13647477404246489,0.1418029285964535
11,5,train_closed,0.938803493976593,0.949499249458313,0.08963541686534882,0.9462885714311629,0.239,0.11184010809421269,0.11459200337611015,0.11296795190192352,0.12131231110147012
11,5,train_open,1.0203065872192383,1.037941813468933,0.1296030730009079,0.8940924375483194,0.279,0.11581690000972837,0.11255986771200624,0.11461374229439669,0.12270445627602805
12,1,test_trans,1.6295100450515747,1.6431574821472168,0.2895275056362152,0.9663440375341708,0.115625,0.10467749921033838,0.11548269178684228,0.11484054388563843,0.11214332133764995
12,1,train_closed,0.8971270322799683,0.9084652066230774,0.08651065826416016,0.9469467136961404,0.722,0.08118368622790202,0.09157878139659392,0.08992593522650102,0.08832603076200754
12,1,train_open,0.9850277900695801,1.0003342628479004,0.10885828733444214,0.9042294534685035,0.5075,0.08598206518107102,0.0974667767742371,0.09759081827105806,0.09729268733716055
12,2,test_trans,1.6625765562057495,1.6898993253707886,0.3272358775138855,0.9542157549387686,0.003125,0.0669679554572299,0.07407075753840414,0.0744326344845227,0.07020809074061485
12,2,train_closed,0.9428296685218811,0.9526503682136536,0.09317722916603088,0.9095804969640826,0.0,0.05403789223427085,0.059753355400103944,0.06253152867584325,0.059651991495707796
12,2,train_open,1.0405809879302979,1.0585951805114746,0.11959359794855118,0.8584700144819962,0.407,0.05954688189347494,0.06378952438280283,0.06412811710629104,0.0644851856944843
12,3,test_trans,1.67417311668396,1.677058219909668,0.29568246006965637,0.9644105423378538,0.08625,0.1205903912811633,0.1274551636495496,0.13157905351770025,0.12190877664489426
12,3,train_closed,0.9126794338226318,0.9235857129096985,0.0898967757821083,0.9462530312201414,0.643,0.09556497548002257,0.09716936735617876,0.10340356378985244,0.09263142541794078
12,3,train_open,1.0127968788146973,1.027029037475586,0.11575622856616974,0.8902135697079339,0.4225,0.10246848983295459,0.10814424881874735,0.11450947195563238,0.10407552586396428
12,4,test_trans,1.6889878511428833,1.7078673839569092,0.31127363443374634,0.9615380111574922,0.005625,0.06291185793754575,0.06459656645597162,0.06769841545363982,0.06329037079001101
12,4,train_closed,0.9132219552993774,0.922074556350708,0.0919550359249115,0.9240771880613315,0.0,0.05206722264759051,0.053074066950166005,0.05625487291655685,0.05346304776686563
12,4,train_open,1.0037226676940918,1.0188429355621338,0.11217715591192245,0.8797059938966878,0.0455,0.053596678088915675,0.05630775252182366,0.05721390627170783,0.05528646112505531
12,5,test_trans,1.6719439029693604,1.6657617092132568,0.29472342133522034,0.9680836114766147,0.06375,0.11413260594278879,0.12165243680620856,0.12154514328403611,0.12019441047879248
12,5,train_closed,0.9007572531700134,0.9119681119918823,0.09084614366292953,0.9491818500098969,0.716,0.08998746050662401,0.09351761879993588,0.09635932053963933,0.09066529493247827
12,5,train_open,0.9938622713088989,1.009078025817871,0.11227265745401382,0.8971042061421843,0.2765,0.0918256576189119,0.10525452314399061,0.10253682829415722,0.103255204800148
13,1,test_trans,1.7257983684539795,1.7435195446014404,0.3514726161956787,0.9654411299816446,0.235625,0.11920713562694166,0.12045655804445433,0.13176123016575828,0.12480195514046086
13,1,train_closed,0.9028897285461426,0.9125036001205444,0.08394694328308105,0.94154858106274,0.646,0.09726849856147504,0.09708006438346957,0.10243256878941713,0.10045266649513607
13,1,train_open,0.9864170551300049,1.0036371946334839,0.12001075595617294,0.9015395906413115,0.353,0.10135507581712044,0.10523109738696235,0.10964768855366018,0.1043986098043132
13,2,test_trans,2.0540342330932617,2.127476215362549,0.4757639467716217,0.9304170142876873,0.0,0.27178933835120855,0.27492102876203567,0.28209390180086114,0.28066261480977617
13,2,train_closed,1.2989146709442139,1.318021535873413,0.16473275423049927,0.8469347843353677,0.0,0.2470800950834592,0.2397934706695292,0.24889518925574072,0.2569188090035461
13,2,train_open,1.3405327796936035,1.3895450830459595,0.22670097649097443,0.6943747478233673,0.0,0.25724831002726883,0.2711051160612824,0.26818157511170315,0.26505656819372103
13,3,test_trans,1.6966991424560547,1.7148364782333374,0.34400954842567444,0.9705596469353276,0.2225,0.09929554897045094,0.11125617706628185,0.11428199903734053,0.11163635793577195
13,3,train_closed,0.8794467449188232,0.8883729577064514,0.08372281491756439,0.9475600667761194,0.7665,0.07937048985316358,0.08363709053431272,0.08696256276886534,0.08966578729034068
13,3,train_open,0.9714754819869995,0.9881764054298401,0.11601852625608444,0.9048996528464913,0.5745,0.0860588290384062,0.08935383971584455,0.09313568982517845,0.09157919818804763
13,4,test_trans,2.059459924697876,2.1373770236968994,0.4806869924068451,0.9261645641861617,0.0,0.2635751539209723,0.2714020771456104,0.2769550157469002,0.2803282964512034
13,4,train_closed,1.3109722137451172,1.3296542167663574,0.1615210920572281,0.8432802094840157,0.0,0.2379222812540741,0.23818897081256868,0.24718830082804794,0.2548418879312667
13,4,train_open,1.3452410697937012,1.3932150602340698,0.22070610523223877,0.6864084956771899,0.0,0.2550694978236044,0.2616316448083354,0.25043970900333123,0.270174102319165
13,5,test_trans,2.0463595390319824,2.098884344100952,0.46522095799446106,0.9305559745866265,0.0,0.2663803974047113,0.2693910612695154,0.28209789706759325,0.2819857018489811
13,5,train_closed,1.2983763217926025,1.3196443319320679,0.16461534798145294,0.8434993987353634,0.0,0.23714690637066782,0.22760577989540534,0.2479370056790462,0.2565888620026092
13,5,train_open,1.3183305263519287,1.3695727586746216,0.22606758773326874,0.6847409305277847,0.0,0.24946238669967472,0.26414222446051816,0.2584690798379975,0.2556989493682719
14,1,test_trans,1.698707103729248,1.7233309745788574,0.31005391478538513,0.9666029670784709,0.055,0.13278164484493382,0.14026180108757666,0.1396390416267661,0.13629953166976633
14,1,train_closed,0.9527594447135925,0.9628046751022339,0.08997812122106552,0.9332492874075204,0.216,0.11178002433441327,0.11796544154267971,0.12118764142370839,0.11629594152846784
14,1,train_open,1.0337262153625488,1.0510098934173584,0.11409740895032883,0.8906632869535209,0.4135,0.11623362228286703,0.12210272733618252,0.12521851779664922,0.11625684497646187
14,2,test_trans,1.675164818763733,1.691776156425476,0.29944172501564026,0.9710408904083271,0.184375,0.11759021295085367,0.1311977864658457,0.13130839948888468,0.12522605805284798
14,2,train_closed,0.9241010546684265,0.9321767687797546,0.08720467239618301,0.9443115720271412,0.572,0.09444022845696803,0.10800229473783715,0.10868099824591207,0.09650886739632793
14,2,train_open,1.0103485584259033,1.027161955833435,0.12259045988321304,0.9020173355110874,0.1225,0.09843047615713534,0.10923280268465965,0.11523786084494053,0.1021715600634702
14,3,test_trans,1.633349895477295,1.650316596031189,0.30043816566467285,0.972202525063368,0.2225,0.10022629197904269,0.1152881139854836,0.11970362666378087,0.09821034609816355
14,3,train_closed,0.8610315322875977,0.8711295127868652,0.08482719212770462,0.9484209921554743,0.841,0.0814105251898618,0.09204889170201465,0.09752943565301743,0.0808681574001421
14,3,train_open,0.957305371761322,0.9688563346862793,0.1086803749203682,0.9038988281573892,0.135,0.0851629241220398,0.09606824675995171,0.09705138767054394,0.08519894329565456
14,4,test_trans,1.6599628925323486,1.6733131408691406,0.30214232206344604,0.9722833604290997,0.145625,0.11259659505297923,0.11851580734712054,0.1314796775388702,0.11885136952948055
14,4,train_closed,0.8976140022277832,0.9072961211204529,0.08815870434045792,0.944203054204089,0.684,0.09515982276320598,0.10004198399550991,0.1114154015134405,0.10198751311552162
14,4,train_open,0.992160439491272,1.0078988075256348,0.11817700415849686,0.9179902945637989,0.1355,0.0964531268112582,0.10920288434917065,0.11668672860339882,0.10336772657048793
14,5,test_trans,1.659682273864746,1.6670913696289062,0.2978661060333252,0.9648666070197808,0.190625,0.11342971463792129,0.12445284461406497,0.12964537856579184,0.11502078952087122
14,5,train_closed,0.9005631804466248,0.9112652540206909,0.0861637070775032,0.9444702879528954,0.5335,0.08996995592925447,0.10004341859999588,0.10802634832779075,0.09649554495888785
14,5,train_open,0.9870076775550842,1.0031944513320923,0.11071410775184631,0.8993638120916404,0.2755,0.09572456822309049,0.10656679937739597,0.1085733607058508,0.09913057878858389
15,1,test_trans,1.5771901607513428,1.5960705280303955,0.24553771317005157,0.9752014153293032,0.16,0.1173460810204428,0.11933562194037171,0.12899447533494243,0.11694766841957852
15,1,train_closed,0.8686792850494385,0.8789839148521423,0.08762984722852707,0.9528130716930131,0.756,0.09187744294277461,0.08930359793764708,0.10103960663854336,0.09211822171182729
15,1,train_open,0.9492052793502808,0.9639018774032593,0.10818014293909073,0.9241903615159937,0.51,0.09191763715696617,0.09486896187133523,0.10774527372970112,0.09209510932046384
15,2,test_trans,1.5813968181610107,1.5949101448059082,0.24855159223079681,0.9753228684557574,0.12375,0.10777843046025523,0.1164794363969512,0.1171822879824643,0.11562459150160324
15,2,train_closed,0.8496193885803223,0.8602107763290405,0.08084409683942795,0.960415250983745,0.708,0.08335723191005288,0.08775084931120376,0.09116880618991902,0.08925698512451027
15,2,train_open,0.929665207862854,0.944186270236969,0.10520040988922119,0.9230313903861416,0.364,0.08645305028738505,0.09240417843830331,0.09802575193627511,0.09082458224248904
15,3,test_trans,1.73983895778656,1.7597591876983643,0.2924959659576416,0.9520127571809897,0.0,0.17228632628937124,0.19927677990247458,0.20129071940471951,0.17982210141284657
15,3,train_closed,1.066577434539795,1.0741652250289917,0.10324375331401825,0.9058289492967412,0.0705,0.14718490783062074,0.1772167207459564,0.17175069927207204,0.1497317553965813
15,3,train_open,1.142217993736267,1.169522762298584,0.13856875896453857,0.8755109821961127,0.0,0.15853153594248254,0.1781652423419416,0.18116247687263243,0.16259680431339923
15,4,test_trans,1.6111681461334229,1.6319055557250977,0.2851158678531647,0.96059025920126,0.105625,0.12024086919395802,0.12918995385000687,0.1387673671894018,0.13157483024668098
15,4,train_closed,0.9240695238113403,0.9331043362617493,0.09341093897819519,0.9462318245972737,0.621,0.09514707773245304,0.10344201897081297,0.10883594075154607,0.10302918758305254
15,4,train_open,1.0028513669967651,1.016642689704895,0.1182980015873909,0.9019280365679024,0.246,0.10180353774159329,0.10780180656042974,0.11419863375735166,0.10672164524205835
15,5,test_trans,1.5898131132125854,1.6044723987579346,0.26911357045173645,0.9726512418403592,0.0125,0.11679845193623681,0.13236856275212527,0.13416544129696045,0.12336608890488605
15,5,train_closed,0.8704887628555298,0.88054358959198,0.08604498952627182,0.9502026278050731,0.549,0.09205686250226719,0.10687305468489644,0.10855860652369587,0.10037923229855468
15,5,train_open,0.9547452330589294,0.9702959060668945,0.10802636295557022,0.9113384915443841,0.314,0.09411811215145759,0.11176353032789785,0.1129770995847062,0.09993995125167618
16,1,test_trans,1.6334748268127441,1.6539148092269897,0.3041006326675415,0.9544240213156908,0.17125,0.10816959810509308,0.11686663096033256,0.11897895721470879,0.11591518345633778
16,1,train_closed,0.895534098148346,0.9041502475738525,0.08234763890504837,0.9479301114088488,0.607,0.09059524580127043,0.09691485352261782,0.09934042112917199,0.09756060962251359
16,1,train_open,0.9905438423156738,1.0058125257492065,0.10809307545423508,0.9013922404890444,0.4455,0.09332990036509267,0.10165489566401151,0.1047964485539209,0.10198516133303763
16,2,test_trans,1.6754257678985596,1.6971832513809204,0.3242937922477722,0.9530959064512065,0.228125,0.12587849550279495,0.1260641625393994,0.12692174473164358,0.13009916769504842
16,2,train_closed,0.9131262302398682,0.9229544401168823,0.09238576889038086,0.9419412821269075,0.768,0.10183976998244076,0.10256471950663096,0.10281918752483946,0.10565828354735526
16,2,train_open,0.9986003637313843,1.0148159265518188,0.1221097856760025,0.902382363303452,0.436,0.10309801346770317,0.1030301309009286,0.10863302349029183,0.1126010085418633
16,3,test_trans,1.758876919746399,1.7898484468460083,0.34960976243019104,0.9521341993586315,0.0,0.161758131026301,0.17224083686258143,0.17354751392960258,0.16583610127888795
16,3,train_closed,1.036850094795227,1.0508061647415161,0.10408242791891098,0.9082375440921406,0.0,0.13583713710452996,0.14944459899786008,0.15018554598212655,0.13875937627353518
16,3,train_open,1.1222739219665527,1.1476538181304932,0.14985428750514984,0.8419289202860324,0.0,0.14610483904455707,0.15042168575785297,0.15279682077199164,0.13850216464791223
16,4,test_trans,1.702493667602539,1.7174043655395508,0.3151686191558838,0.9510684047128831,0.014375,0.16088574186278604,0.16015278601846866,0.17283658609789587,0.1689862912090765
16,4,train_closed,0.9855009317398071,0.9970647096633911,0.09776074439287186,0.9181326727473568,0.198,0.13719992787885382,0.13638799580000768,0.14748740871404445,0.14189140165088596
16,4,train_open,1.0833288431167603,1.1056944131851196,0.13483428955078125,0.857735362756552,0.0,0.13613901879943616,0.13937636020713115,0.15884208595180246,0.14920037054747207
16,5,test_trans,1.639688491821289,1.6531624794006348,0.27714839577674866,0.9647087496325453,0.101875,0.12582742434871974,0.1435492069962344,0.14268584810436052,0.1343828351482495
16,5,train_closed,0.9398581981658936,0.9523206949234009,0.08773314952850342,0.9480658543975921,0.5015,0.10764377897304378,0.12643084987663825,0.1228392246545833,0.11601472448184161
16,5,train_open,1.036906361579895,1.0543127059936523,0.1124175563454628,0.8977212289551167,0.2055,0.11396924618331526,0.12728297167061658,0.1296074634082787,0.1177321048253674
2,6,test_trans,2.184976100921631,2.268075466156006,0.5884295105934143,0.8724662132830854,0.0,0.17755620982561865,0.18692205269592949,0.19660252987309965,0.17935365262537536
2,6,train_closed,1.1115257740020752,1.1240315437316895,0.13819846510887146,0.8559502325799482,0.0,0.15107421283468248,0.16078032384635516,0.17187249369115298,0.1540747499584177
2,6,train_open,1.2610352039337158,1.3259704113006592,0.2780052423477173,0.5523040616663677,0.0,0.15579965805257212,0.15779348538925103,0.16900977907424664,0.15259607848978263
2,7,test_trans,2.3147053718566895,3.0830700397491455,1.6112282276153564,0.12576115202755647,0.52,0.11004689514798952,0.11550704709000603,0.11356840035166824,0.1199731619600253
2,7,train_closed,1.08060884475708,1.1037797927856445,0.1531989425420761,0.8461741822337301,0.7765,0.10284176141391893,0.10199842261047337,0.10582032298570103,0.1069772251229593
2,7,train_open,1.2258625030517578,1.2603625059127808,0.20579306781291962,0.6349720339226944,0.514,0.1001857122438076,0.11018615042443827,0.10569211590078195,0.10404154956582892
2,8,test_trans,2.287189483642578,3.042172908782959,1.59380042552948,0.3202073389022728,0.44625,0.11609813486632957,0.11685122052633806,0.11372869639937269,0.11645922421982102
2,8,train_closed,1.0599732398986816,1.0803600549697876,0.14841724932193756,0.8541276415000901,0.8375,0.09841102268667862,0.09698943446658426,0.09909160538750855,0.09967053408609229
2,8,train_open,1.2221488952636719,1.250981330871582,0.1982150375843048,0.6426946205628407,0.537,0.09450385919400828,0.10372936183796413,0.10069726505533838,0.10346812485759
2,9,test_trans,2.3488080501556396,3.108804941177368,1.6274114847183228,0.13416878782329106,0.39875,0.1014329926531925,0.1078935797501874,0.10938766627638691,0.1076590328527994
2,9,train_closed,1.0622248649597168,1.0845134258270264,0.15326789021492004,0.8467784930262857,0.669,0.09246502122027242,0.09994886824850077,0.0987328438891114,0.09787270867678181
2,9,train_open,1.1950753927230835,1.2324374914169312,0.20116335153579712,0.6260682213886322,0.6565,0.09881548383439841,0.1019280016807246,0.10320266602133668,0.09905488010066132
2,10,test_trans,2.0911483764648438,2.2156875133514404,0.5598263740539551,0.8854544515195254,0.0325,0.14643236288932981,0.16376192229559083,0.1671370988764262,0.15857965182466074
2,10,train_closed,1.0806628465652466,1.0960017442703247,0.13860343396663666,0.8524004243696729,0.134,0.1278077313846799,0.14809938311570026,0.1510345383387297,0.13881463390919063
2,10,train_open,1.2489622831344604,1.3171428442001343,0.2885156273841858,0.5581821976886899,0.345,0.13566108765042195,0.14303992465665263,0.14972376741567175,0.1426561869352455
2,11,test_trans,2.205841064453125,2.2963035106658936,0.6072334051132202,0.8260380612909289,0.294375,0.10395983357587733,0.11065788720378518,0.11505622234622688,0.10694707568420526
2,11,train_closed,1.0566694736480713,1.0733293294906616,0.13443860411643982,0.8684171807228107,0.3795,0.10245831443713792,0.10645395303757973,0.11308964953957767,0.10643424515092101
2,11,train_open,1.21519136428833,1.2513797283172607,0.21666963398456573,0.6283063006786542,0.4825,0.10535261675273869,0.11887152572973578,0.11463460745436886,0.10789235577756727
2,12,test_trans,2.3242287635803223,3.102006435394287,1.6506098508834839,0.16462176436595607,0.606875,0.09613598361440875,0.1017211547091782,0.10118585681308861,0.10174373011543456
2,12,train_closed,1.0384225845336914,1.059804916381836,0.14551164209842682,0.8612733820440156,0.667,0.0885364686535411,0.09542762219953596,0.09219258174881202,0.09375059116382134
2,12,train_open,1.1919748783111572,1.2231718301773071,0.19516976177692413,0.6323060393829659,0.607,0.09332640406990612,0.09677373447246201,0.09445810709211878,0.09082343061816338
2,13,test_trans,2.1121249198913574,2.1795461177825928,0.5085405707359314,0.8788718262444546,0.0,0.13541231908754478,0.14057155637611848,0.15074413976133294,0.13952805897267886
2,13,train_closed,1.0825486183166504,1.1001536846160889,0.13363352417945862,0.854955454110186,0.0,0.12135612979698368,0.12625904352035489,0.14027064205494227,0.1210238174624946
2,13,train_open,1.2443578243255615,1.3038017749786377,0.26332294940948486,0.5810194862618141,0.0,0.1208725017740537,0.1272092333206187,0.12999257012577992,0.12185807036651629
2,14,test_trans,2.3046648502349854,2.9387564659118652,1.3753458261489868,0.29544632153237427,0.0,0.16338177543480864,0.1651780872337853,0.16844683537289598,0.1621137116182718
2,14,train_closed,1.1056382656097412,1.1270085573196411,0.16105002164840698,0.843272777508753,0.0,0.1524299870886812,0.1473508017722612,0.15247980167087877,0.14984082253307318
2,14,train_open,1.262166976928711,1.3080552816390991,0.25289082527160645,0.5120324994487846,0.0,0.15078286535869123,0.15785208956159857,0.1535060904068925,0.15186542051075302
2,15,test_trans,2.1262998580932617,2.2097458839416504,0.5524425506591797,0.8828220851503945,0.0,0.1424493131113772,0.15328841292184248,0.15334513398354077,0.1508031204924626
2,15,train_closed,1.074904441833496,1.0875370502471924,0.13597950339317322,0.8636695755290038,0.0,0.12236106475013,0.13360374535717395,0.13809434746708205,0.1321031998406053
2,15,train_open,1.2354278564453125,1.3025991916656494,0.28735411167144775,0.5584435760230311,0.0,0.12959569535987536,0.13600238062313486,0.13763029881380487,0.13065540391499508
3,6,test_trans,2.3858067989349365,2.544528007507324,0.9336005449295044,0.6332421531088523,0.113125,0.11873389816802485,0.13180819646350928,0.1361473230613554,0.12940060562395522
3,6,train_closed,0.9901908040046692,1.0068472623825073,0.12219269573688507,0.8857466548746602,0.583,0.08359586401409907,0.08927284229071106,0.09465400337304825,0.08882243785705014
3,6,train_open,1.149566650390625,1.1788641214370728,0.19798141717910767,0.7264759941871102,0.6085,0.08567852870580364,0.0994443110259296,0.09868178177643736,0.0982480061118227
3,7,test_trans,2.3083653450012207,2.9058892726898193,1.3422924280166626,0.21517966779201234,0.0,0.15179643844452537,0.15795213605891012,0.163198189424872,0.17164086639454185
3,7,train_closed,1.132508635520935,1.1520094871520996,0.16549456119537354,0.8159435899869969,0.0,0.145233538386478,0.14957523896023453,0.1562414732936326,0.16459762365218966
3,7,train_open,1.2317904233932495,1.2754104137420654,0.21895715594291687,0.6523328359684406,0.099,0.15348572438324481,0.15759776222280436,0.16352089554026156,0.17210018422447096
3,8,test_trans,2.2133045196533203,2.281078815460205,0.5880141258239746,0.8446077387787921,0.00125,0.18115710523802148,0.1797876588869478,0.1915726733081246,0.18274339211400908
3,8,train_closed,1.1461398601531982,1.1691111326217651,0.16305501759052277,0.844199272349348,0.0,0.1693783689650368,0.16799370036345787,0.18026952275037425,0.17308225073201847
3,8,train_open,1.248121976852417,1.2856043577194214,0.2171698659658432,0.5908417134971499,0.026,0.1736827383819005,0.16759738948659914,0.1762924210956715,0.17454792068801084
3,9,test_trans,2.5406599044799805,2.541741132736206,0.7482521533966064,0.7322810107262628,0.0,0.15868524171207404,0.17050993420586436,0.1763724001928944,0.17282078066906445
3,9,train_closed,1.114797592163086,1.137892723083496,0.1591283679008484,0.8357870106272651,0.0,0.13748317996516501,0.14300775823201678,0.14299987212517262,0.14108310845899633
3,9,train_open,1.236276626586914,1.267383337020874,0.21152497828006744,0.6241688074716646,0.0,0.13505451997124007,0.15477462032881453,0.1580023826150343,0.15104807711203092
3,10,test_trans,2.289799213409424,2.369602680206299,0.6898209452629089,0.8277996484565343,0.340625,0.1163390580297063,0.12353484746646269,0.13326562950445273,0.122183344087995
3,10,train_closed,1.0128544569015503,1.027692437171936,0.12852691113948822,0.8460368356842387,0.7945,0.09120849314707084,0.09367405482700411,0.10501169522820944,0.09072004477608406
3,10,train_open,1.1589572429656982,1.1996335983276367,0.22936099767684937,0.7244191508786684,0.587,0.09942909835578213,0.10125116155608568,0.11793586183001013,0.10471015000247604
3,11,test_trans,2.4166042804718018,2.556166410446167,0.852286159992218,0.7053609197829015,0.0,0.1448022018397787,0.15451629417135382,0.16496780367868247,0.15653740860718854
3,11,train_closed,1.072380542755127,1.0927433967590332,0.14686550199985504,0.8524166845256681,0.0,0.11753118391202019,0.11892382686024267,0.13074451822155253,0.12069780689496692
3,11,train_open,1.2054654359817505,1.2353700399398804,0.20854924619197845,0.683727142881172,0.0,0.12512143002772708,0.1297488737708165,0.14129591869836292,0.13548766594070466
3,12,test_trans,2.610416889190674,2.743216037750244,0.9561620354652405,0.6717103992359789,0.00625,0.16621712171905234,0.17602922983241676,0.1819427730594314,0.17439049447896027
3,12,train_closed,1.0974116325378418,1.1205189228057861,0.14871107041835785,0.8545738397001543,0.013,0.13467320596893873,0.1368658070245788,0.14192465809741234,0.1390721126836385
3,12,train_open,1.2263615131378174,1.2635674476623535,0.2119368463754654,0.6716030767911834,0.165,0.13833846161538388,0.14224207336453876,0.1494528039880951,0.14669990506953087
3,13,test_trans,2.29144024848938,2.877638578414917,1.3953890800476074,0.23055794181704767,0.326875,0.10343728860635601,0.11274919882052278,0.1097469437422249,0.11404790727048639
3,13,train_closed,1.0044771432876587,1.0210036039352417,0.1280277818441391,0.8838283303333381,0.7355,0.09454015483066122,0.10479323351666237,0.10144388051601906,0.10558002489429885
3,13,train_open,1.1416311264038086,1.1774729490280151,0.18627263605594635,0.7352025164772419,0.4545,0.0946234689585916,0.10324747296284607,0.10451642776831332,0.10556556368536626
3,14,test_trans,2.3057761192321777,2.830589532852173,1.2984492778778076,0.24220213649808336,0.64,0.09118367828910393,0.09603191845566549,0.10354253944321407,0.09593841339341858
3,14,train_closed,0.9955905079841614,1.0144174098968506,0.12949047982692719,0.8777082565438874,0.7585,0.08697758862434185,0.09146512020558327,0.10040017427857778,0.09245205677456458
3,14,train_open,1.1467751264572144,1.1838371753692627,0.17878709733486176,0.7042235127939035,0.658,0.09231876377222598,0.09827804007444277,0.10353274929330371,0.1039184596186002
3,15,test_trans,2.3822989463806152,2.8377108573913574,1.2534748315811157,0.33403459702233107,0.0,0.14983415186247478,0.1507873223262074,0.16902747417270358,0.15429931178081407
3,15,train_closed,1.119232177734375,1.1406086683273315,0.16083835065364838,0.8437887698879,0.0,0.13706329064606532,0.14216521133673413,0.15843307008778826,0.14200013888167493
3,15,train_open,1.24027681350708,1.2800837755203247,0.2145904302597046,0.6694718477810097,0.0,0.1425094786844891,0.1506488951227119,0.16625986935047085,0.15470622538904716
4,6,test_trans,1.996952772140503,2.0226426124572754,0.40147894620895386,0.9294237235908706,0.050625,0.12891420198250694,0.13809425173233558,0.1362600023246855,0.12999420733303685
4,6,train_closed,1.0427627563476562,1.0561057329177856,0.1210227981209755,0.899658581965657,0.583,0.10110061923071781,0.10966869910879726,0.10970259191970759,0.1019778713181578
4,6,train_open,1.1850368976593018,1.210912823677063,0.16442115604877472,0.8061905113969037,0.3755,0.10355520486586153,0.12076586971808755,0.12025093329465018,0.11710582635383734
4,7,test_trans,2.021879196166992,2.032639265060425,0.372035950422287,0.925636150614516,0.020625,0.1641870428167616,0.1628447028695557,0.1620793687073523,0.17245253540765526
4,7,train_closed,1.1106340885162354,1.1214627027511597,0.12432669848203659,0.8867599380097958,0.32,0.14132253451277083,0.1390775842293926,0.13689256993064308,0.14733254572096055
4,7,train_open,1.2245068550109863,1.25425386428833,0.17722485959529877,0.7691654049930107,0.104,0.14066220749907826,0.143802111029446,0.1481177813148279,0.15501247495318987
4,8,test_trans,1.9661915302276611,2.004467487335205,0.4173157811164856,0.9244757437725811,0.075625,0.13110431572452214,0.1381475848431999,0.13709279564136662,0.13007759028445146
4,8,train_closed,1.0167593955993652,1.0279545783996582,0.11685629189014435,0.9029716777873901,0.652,0.11045106604442989,0.11432718252566229,0.11481049772651024,0.10590748796058393
4,8,train_open,1.156541109085083,1.1805781126022339,0.15853407979011536,0.8109440926387791,0.455,0.11319686734152953,0.11793854068434462,0.11450285368734427,0.11542086350828662
4,9,test_trans,1.9554178714752197,2.000206232070923,0.42586609721183777,0.935386285777377,0.310625,0.10755730414852602,0.11691439734392499,0.11635066449005635,0.1022111356332053
4,9,train_closed,0.989189863204956,0.9985499978065491,0.10881109535694122,0.9190212081768966,0.7635,0.0864227399598611,0.09518458405747436,0.10120553711027652,0.08564736830835379
4,9,train_open,1.1036598682403564,1.1276257038116455,0.14775940775871277,0.8295359341452128,0.509,0.09079632776878455,0.10074021876270901,0.10649882173857775,0.09365976104397403
4,10,test_trans,1.9601061344146729,1.996970534324646,0.3962152600288391,0.9389938678363509,0.055,0.13644631162784487,0.13717289732453725,0.13445701313472064,0.13655940688616347
4,10,train_closed,1.0144354104995728,1.02733314037323,0.11506515741348267,0.904359616611444,0.6775,0.11316660901467629,0.10790324350209475,0.11084335133717008,0.11042728804937688
4,10,train_open,1.136566400527954,1.1607460975646973,0.15005764365196228,0.8257629709411874,0.4545,0.11375992510200936,0.11283036338954364,0.11280682754622551,0.11553931233376946
4,11,test_trans,1.9684278964996338,2.0026955604553223,0.39059120416641235,0.9375631393375132,0.015,0.13348421100833938,0.13458903018530094,0.1414714467298846,0.13339354516593485
4,11,train_closed,1.0493921041488647,1.0600268840789795,0.11876093596220016,0.9051474371934406,0.414,0.11204762752357547,0.10806789334479802,0.11596505425074105,0.10850151747435105
4,11,train_open,1.1698176860809326,1.1958370208740234,0.15578998625278473,0.8096393451643008,0.3885,0.11187247471166965,0.11618341232095458,0.12196690720439352,0.11724863501399825
4,12,test_trans,1.985054850578308,2.01936411857605,0.3917662501335144,0.9379003882939552,0.223125,0.1285738568772185,0.13498623069725257,0.1313610138918299,0.12946967049030322
4,12,train_closed,1.0477803945541382,1.0588918924331665,0.11671458929777145,0.9010172667591715,0.694,0.10486197667161437,0.11122429301901723,0.10865497378171043,0.10483450395251695
4,12,train_open,1.1538927555084229,1.1800928115844727,0.15584643185138702,0.8167803190386429,0.444,0.10625592882857937,0.11407298292898208,0.11148764210971027,0.10878319305737008
4,13,test_trans,1.9720512628555298,2.021467924118042,0.39119550585746765,0.9341542610952255,0.080625,0.13899923677174747,0.13627663431591105,0.13416136504802423,0.13233093504822105
4,13,train_closed,1.0589556694030762,1.0711145401000977,0.11672833561897278,0.904320954367165,0.517,0.11474351430653629,0.11113767030819807,0.11157174851649676,0.10725490559783932
4,13,train_open,1.150250792503357,1.1754703521728516,0.15214262902736664,0.8151975983565094,0.364,0.1227506392061608,0.11618778680594012,0.11399309762765515,0.11802606515714002
4,14,test_trans,1.9918832778930664,2.0240416526794434,0.4070575535297394,0.9246548965728227,0.07125,0.14343191593388863,0.14552300047697372,0.14030250896263965,0.13987678383033658
4,14,train_closed,1.0488921403884888,1.0612082481384277,0.11834836006164551,0.8918561939323635,0.599,0.1209111445930443,0.11694948790070678,0.11561918787781252,0.11872322452601311
4,14,train_open,1.157196044921875,1.1801578998565674,0.15458351373672485,0.8006927485874025,0.4765,0.1267558049805019,0.12611743044179766,0.12233220968430505,0.12459529590301714
4,15,test_trans,2.004002332687378,2.0312740802764893,0.41079068183898926,0.9261076238934697,0.109375,0.13435467833742598,0.13261546543376307,0.1349292840177425,0.13041954622620375
4,15,train_closed,1.0472519397735596,1.0584992170333862,0.11737273633480072,0.8970291500585862,0.6715,0.11009574704775835,0.10742583873342866,0.11278958861683636,0.10484758267193203
4,15,train_open,1.1641247272491455,1.1910550594329834,0.15791140496730804,0.8179352530254232,0.4165,0.11359318665652032,0.1088443759282458,0.10753760038261562,0.11377528133694668
5,6,test_trans,1.8742053508758545,1.9323039054870605,0.37853726744651794,0.9451736141604967,0.0,0.1587425753534973,0.16978004039938682,0.16403618230422498,0.17434296357351572
5,6,train_closed,1.0983140468597412,1.109632134437561,0.1225464716553688,0.8912554791525861,0.0,0.1385298303039043,0.13754076304380491,0.1409960437244948,0.14703932119690113
5,6,train_open,1.1879591941833496,1.2292616367340088,0.18663592636585236,0.7520050044624053,0.0,0.14170034748795743,0.15302275358012607,0.15049818504022416,0.15445548615630894
5,7,test_trans,1.8445408344268799,1.8815075159072876,0.336007684469223,0.9546066734717558,0.016875,0.1393665776707367,0.14212007807459043,0.1397696216332827,0.1537185009690095
5,7,train_closed,1.0408329963684082,1.0534656047821045,0.1126369908452034,0.908766179087568,0.333,0.11632817839662331,0.11148283317258884,0.11468634204812561,0.12698550273038867
5,7,train_open,1.1528065204620361,1.1805890798568726,0.16059306263923645,0.8303456665132289,0.0395,0.12463755765379966,0.1201649236670213,0.11989209633122347,0.13170743347177055
5,8,test_trans,1.8549530506134033,1.902915358543396,0.35160088539123535,0.9614977458742775,0.105,0.12284935239900663,0.13319476162853872,0.135472078700427,0.13589899343149894
5,8,train_closed,1.0115302801132202,1.022972583770752,0.10987792164087296,0.9261998790116276,0.673,0.0952337735727328,0.10799941418683096,0.10802634168641836,0.10878000195166765
5,8,train_open,1.1081390380859375,1.1366798877716064,0.15333600342273712,0.8252292368946759,0.537,0.10816614526912596,0.11050858661864013,0.11669608803339943,0.11779445678291277
5,9,test_trans,1.7996859550476074,1.8514704704284668,0.33064916729927063,0.9514102463730592,0.055,0.12961932563466969,0.1405463113646436,0.14547736271254616,0.1421738258499879
5,9,train_closed,1.0237278938293457,1.0342309474945068,0.11099933087825775,0.9141222423565252,0.553,0.10542441519387322,0.10996849502900995,0.12241377112549645,0.11606947418284475
5,9,train_open,1.1278679370880127,1.1554394960403442,0.15543444454669952,0.8160205183906551,0.3945,0.11553682602353792,0.11834373088153732,0.13289206462044173,0.11975134902539415
5,10,test_trans,1.8800727128982544,1.9291415214538574,0.36833012104034424,0.9490899905872211,0.0,0.1573882483610844,0.1726040392943063,0.1728450605763685,0.17021071307996877
5,10,train_closed,1.0801234245300293,1.0928173065185547,0.11831852048635483,0.8976461908405275,0.0,0.12731352548631975,0.13832979473445212,0.1450933056529098,0.13615939310425776
5,10,train_open,1.1893808841705322,1.2178171873092651,0.16355329751968384,0.8103637147298391,0.007,0.1386763096212386,0.14452884127491186,0.1510054044972277,0.15152405837281469
5,11,test_trans,1.842280626296997,1.8878964185714722,0.3312378227710724,0.9620207242623643,0.0,0.13467851532836284,0.13894182396106397,0.1336268978529192,0.14018774557663993
5,11,train_closed,1.027959942817688,1.0402237176895142,0.11421309411525726,0.9177352387157627,0.0085,0.10635172657424785,0.10699521696909368,0.10415315455608415,0.10956841561068742
5,11,train_open,1.1343852281570435,1.1631507873535156,0.159898579120636,0.8344761503470854,0.1625,0.1144614212644336,0.11512142740885643,0.11545271953397834,0.11814668118979973
5,12,test_trans,1.8465616703033447,1.8902959823608398,0.34606367349624634,0.9517581264694169,0.000625,0.13832070155462464,0.15847526841886428,0.15351269983484653,0.15146409664734722
5,12,train_closed,1.0528018474578857,1.0633593797683716,0.11575961112976074,0.9090573366563673,0.0,0.1207402318374038,0.13082893359630415,0.1247378956058465,0.12396300229107404
5,12,train_open,1.1446133852005005,1.174673318862915,0.15818825364112854,0.8288813268003826,0.044,0.12651162931219037,0.1452972913790384,0.13528346147294246,0.13142008339856723
5,13,test_trans,1.8871111869812012,1.9157257080078125,0.3633255660533905,0.9449676656163838,0.0,0.15592635863543725,0.16334201005703053,0.1641046037255687,0.16798332444148176
5,13,train_closed,1.0649644136428833,1.0762012004852295,0.11592680960893631,0.9011186210416164,0.001,0.13278958624372902,0.13639938937466017,0.13661990506949442,0.14098994452461266
5,13,train_open,1.1602637767791748,1.1900197267532349,0.1621275693178177,0.7815177289928749,0.0,0.1333813094486156,0.14328699186959176,0.14167161839290468,0.14364656258305
5,14,test_trans,1.8910598754882812,1.917094111442566,0.36591240763664246,0.948997999270648,0.000625,0.1582849583102847,0.16621760875755992,0.16984410594296492,0.1659386088719982
5,14,train_closed,1.0669052600860596,1.078698754310608,0.11752242594957352,0.9075778777917992,0.0,0.12886052842533707,0.1356008552548346,0.14813483789863943,0.13061292418471565
5,14,train_open,1.1702160835266113,1.1982773542404175,0.15913595259189606,0.7986348187726444,0.043,0.13572371560926763,0.14215870378475032,0.14607929193407931,0.14270050679050578
5,15,test_trans,1.8454252481460571,1.9127572774887085,0.3862566351890564,0.9361649841898043,0.003125,0.1704238642026399,0.1839371965716014,0.17378890520159818,0.18298999492620932
5,15,train_closed,1.1138041019439697,1.1236870288848877,0.12434232234954834,0.8914317285920552,0.1895,0.14782261069398597,0.15562158896709266,0.15268408206503378,0.16099044337596574
5,15,train_open,1.2165812253952026,1.2616426944732666,0.20359277725219727,0.720622416851203,0.0,0.15531167920311229,0.16440211896837031,0.16543345216916328,0.16320943908674881
6,6,test_trans,1.8623523712158203,1.9088107347488403,0.3724772334098816,0.903391439402291,0.000625,0.19797838399476053,0.19705876805407196,0.21618508562154037,0.19081387712172126
6,6,train_closed,1.1262651681900024,1.138931155204773,0.13540519773960114,0.8906618513455669,0.1165,0.172690765099144,0.18176146477297195,0.19767988897216682,0.1680721919194651
6,6,train_open,1.2235310077667236,1.2581778764724731,0.1864895224571228,0.7466715652206543,0.0,0.18352384218278617,0.18530776754175093,0.2077108047843932,0.19423696478838176
6,7,test_trans,1.8640882968902588,1.902165174484253,0.35313400626182556,0.9074401782733201,0.0,0.17020210695062973,0.18145415665543482,0.20192525535273997,0.17331433034978194
6,7,train_closed,1.1527053117752075,1.1617504358291626,0.13523320853710175,0.890010274107154,0.0065,0.15187745944436146,0.1690962840992471,0.1832396030673382,0.15616038623951414
6,7,train_open,1.2547346353530884,1.291493535041809,0.1897818148136139,0.7339891211640115,0.0,0.16947478939911662,0.17770623876971084,0.18880356308667923,0.17646211400901152
6,8,test_trans,1.8401124477386475,1.8832515478134155,0.34906840324401855,0.9165666019171753,0.0,0.17359519956375039,0.1844504730486325,0.19150130397522705,0.17577081449606674
6,8,train_closed,1.1424986124038696,1.1507859230041504,0.13226525485515594,0.8963584260231484,0.0,0.15466531167227923,0.16509883852210958,0.17311010940516508,0.15417958949313923
6,8,train_open,1.2360173463821411,1.2735768556594849,0.18621651828289032,0.7500038776710043,0.0,0.16704645183510247,0.16865338995520796,0.1763031640384866,0.16672140371307753
6,9,test_trans,1.8268426656723022,1.8793071508407593,0.3523188829421997,0.9201683882231118,0.01875,0.17363111455592362,0.18197054389819456,0.18659830916486034,0.17116824476590248
6,9,train_closed,1.1282554864883423,1.1360886096954346,0.12320039421319962,0.9024416136272407,0.199,0.15101370960462063,0.1592086913589754,0.17158313968851147,0.14896134649768883
6,9,train_open,1.218663215637207,1.2514616250991821,0.17894671857357025,0.7780612855753966,0.0,0.1622710410359589,0.17433009030998972,0.17169832557623524,0.1524900778154054
6,10,test_trans,1.829918384552002,1.8817565441131592,0.37847042083740234,0.9451776838045672,0.086875,0.12447275289016811,0.1447322550577747,0.15196004503446647,0.13631339405421683
6,10,train_closed,0.992424726486206,1.0030875205993652,0.10396576672792435,0.9192926342090538,0.4555,0.09982699872674408,0.12193607174199358,0.12792333770310926,0.11322855753524771
6,10,train_open,1.0960301160812378,1.119646430015564,0.13831350207328796,0.8400309230637081,0.605,0.10710743486521526,0.1277327014737736,0.13105368932799694,0.11997695012548253
6,11,test_trans,1.8540258407592773,1.9273080825805664,0.38132351636886597,0.9451871178665991,0.12375,0.11801626700264334,0.12778240055459578,0.13025734430710884,0.11969743376141478
6,11,train_closed,0.9622538089752197,0.9739600419998169,0.10463394969701767,0.9353715195980548,0.592,0.09146087493865108,0.09893577715041851,0.1061672248426962,0.0986206665719186
6,11,train_open,1.06455397605896,1.0829095840454102,0.12897641956806183,0.8760057326063967,0.3265,0.09380219539706716,0.1057736673355954,0.10705040025781978,0.10375694653082189
6,12,test_trans,1.8434821367263794,1.8871104717254639,0.34590888023376465,0.9161491495523445,0.0,0.16388847520651628,0.1860730667211523,0.196221630217565,0.17721156089247594
6,12,train_closed,1.1346163749694824,1.14480721950531,0.1313784271478653,0.894417488009026,0.0,0.14106144249304545,0.16490656683357022,0.17598715095796166,0.1544343861365874
6,12,train_open,1.2272878885269165,1.2603667974472046,0.1840263158082962,0.7428354547844055,0.025,0.15475370405118233,0.17057776609302663,0.1811098476052756,0.1652886287339915
6,13,test_trans,1.8366572856903076,1.8883731365203857,0.3695794641971588,0.8991271732335737,0.0,0.17136643509709804,0.18656779169833873,0.1916260631685464,0.1722035299669436
6,13,train_closed,1.1396386623382568,1.1493724584579468,0.12250527739524841,0.8941749555149258,0.0,0.15118226666378565,0.1709639434838662,0.17367690261726804,0.15256139526482393
6,13,train_open,1.2266703844070435,1.2580575942993164,0.18265575170516968,0.7694307795565175,0.0,0.16262719987955992,0.177786629883048,0.18043388819883355,0.1639316119831289
6,14,test_trans,1.907857060432434,1.9632751941680908,0.3832498788833618,0.8925521237963318,0.0,0.17370317762700554,0.19618800073847192,0.194157782122952,0.18594810377282112
6,14,train_closed,1.1660754680633545,1.17439866065979,0.14172475039958954,0.8747812934442775,0.0,0.1533693944587452,0.17567356628459163,0.17452750850234117,0.16679952883425753
6,14,train_open,1.2738630771636963,1.3128598928451538,0.1966913789510727,0.7464949207454867,0.0,0.1711995373601286,0.1970904407809217,0.188801708665608,0.18601493277186285
6,15,test_trans,1.860317349433899,1.898619532585144,0.3498547673225403,0.9169917083754746,0.0,0.1775506978002491,0.1931325106727901,0.19552833539559814,0.18762450575534143
6,15,train_closed,1.1440277099609375,1.1529887914657593,0.1302151381969452,0.8916758193928747,0.0,0.15817770930542457,0.17628895922827792,0.17264775496259882,0.17043930886742148
6,15,train_open,1.237666368484497,1.2738207578659058,0.18056029081344604,0.7524457846670022,0.02,0.17680588679946116,0.18530757905401363,0.18507213133435535,0.1833033589354577
7,6,test_trans,1.7466083765029907,1.7659186124801636,0.32268187403678894,0.9593929499914297,0.10875,0.1158644409582246,0.12506194156550887,0.13020072954372547,0.1260309533398099
7,6,train_closed,0.953432023525238,0.9660405516624451,0.10377437621355057,0.9228210380801077,0.685,0.088061372104998,0.09864289330287021,0.1067737555255037,0.09710501670782969
7,6,train_open,1.0705857276916504,1.0984364748001099,0.14329634606838226,0.8801657419383812,0.3585,0.09826758196359194,0.10715894044470255,0.11401148277478404,0.10336484329239173
7,7,test_trans,1.7427505254745483,1.7663158178329468,0.3126910924911499,0.9662951985980268,0.04,0.12062109777311732,0.12839941447541045,0.13574353309975168,0.12979821805936062
7,7,train_closed,0.9582788348197937,0.9691951870918274,0.10320249199867249,0.9163713318842089,0.188,0.09552280303136854,0.09997198383370302,0.10508574874148868,0.10297730373461689
7,7,train_open,1.0727336406707764,1.1020699739456177,0.14596866071224213,0.8819861062759373,0.287,0.09650970489349328,0.10695470541328612,0.1087294979670998,0.10487657862458788
7,8,test_trans,1.8350224494934082,1.852056860923767,0.3142254948616028,0.9406904950159644,0.0,0.17252206037812,0.18925393714060168,0.18502940588344519,0.19895691015411598
7,8,train_closed,1.1270668506622314,1.134973406791687,0.1355484426021576,0.8672818154718316,0.0,0.14966833995794127,0.16288798565327156,0.15901144888682672,0.16949117205726452
7,8,train_open,1.2687749862670898,1.3095356225967407,0.18515823781490326,0.7662512722007725,0.0,0.15883764433983533,0.17468415662537184,0.16887718852518827,0.17989497722741635
7,9,test_trans,1.7792510986328125,1.7972809076309204,0.32270780205726624,0.9668512270767576,0.05,0.12921546009949403,0.1326638457324842,0.13823581176619337,0.13787945547304165
7,9,train_closed,0.961950957775116,0.9712023735046387,0.10258199274539948,0.9261429977519562,0.154,0.09655228696920362,0.09874229631815049,0.10139998568252702,0.10439716877959548
7,9,train_open,1.0650465488433838,1.0926381349563599,0.136683851480484,0.8853941130398812,0.4035,0.10251282309729703,0.10885717937162732,0.11033665823472504,0.10668563196421496
7,10,test_trans,1.7517223358154297,1.776034951210022,0.3163861036300659,0.9651019502594937,0.09,0.12574881785739428,0.1352697207276588,0.1376478580169919,0.13926932088373886
7,10,train_closed,0.9788259267807007,0.9902109503746033,0.10664047300815582,0.914565681001279,0.5275,0.099558185551989,0.1068401101845865,0.11520130937529412,0.11360483737002768
7,10,train_open,1.0737924575805664,1.1057723760604858,0.14949053525924683,0.8756833554542178,0.3885,0.10849823041787054,0.11633462886802118,0.11991512687981068,0.11208028581369703
7,11,test_trans,1.8335293531417847,1.8460644483566284,0.2955603301525116,0.9413274202083661,0.0,0.17358747926129353,0.17906536430212117,0.18119425848686038,0.184468089865781
7,11,train_closed,1.125359296798706,1.1335409879684448,0.12410860508680344,0.8876522577797029,0.0,0.15198556139287742,0.15471470373797325,0.15975001211619913,0.16431043481564023
7,11,train_open,1.2193084955215454,1.2522670030593872,0.16565902531147003,0.8028715523874363,0.0,0.16143102683880506,0.1621160052531234,0.1662613256410056,0.1650539714568095
7,12,test_trans,1.761260747909546,1.8007621765136719,0.32988741993904114,0.9689906622627978,0.090625,0.11523733788986154,0.12858372212229913,0.13576377693649816,0.1264280157060813
7,12,train_closed,0.9472386837005615,0.9572816491127014,0.10153137147426605,0.9334860332325718,0.6895,0.08287712393561274,0.09220887489494112,0.10240691413856845,0.09505165329504231
7,12,train_open,1.0550135374069214,1.080933928489685,0.13889309763908386,0.8941398148734183,0.3555,0.09326957732955632,0.10310863708259731,0.11104023136098536,0.09911109766511429
7,13,test_trans,1.7710604667663574,1.7831577062606812,0.3185604512691498,0.963965368161786,0.018125,0.12699444152289036,0.13417124667840005,0.1343255466726767,0.13429370269162932
7,13,train_closed,0.9607992172241211,0.971186637878418,0.10331416875123978,0.9197096807473073,0.258,0.09626278462968499,0.10034823444642524,0.10674594034170821,0.10465284888224884
7,13,train_open,1.0711300373077393,1.0988937616348267,0.14444340765476227,0.8773419763217387,0.2105,0.1078917737933946,0.11227543638802183,0.11431949597397187,0.11108072955065626
7,14,test_trans,1.7543652057647705,1.782909870147705,0.3307342529296875,0.9701553758627257,0.05,0.12459708094969821,0.12935330395424816,0.12673273484643416,0.13090574646868308
7,14,train_closed,0.9408496618270874,0.9533689618110657,0.09871646761894226,0.922699148681365,0.526,0.09199434044130264,0.09248553768666436,0.08994041880223583,0.09703955977477632
7,14,train_open,1.0601105690002441,1.0857441425323486,0.13735340535640717,0.8729214465506953,0.366,0.09857252673073336,0.09748900400768767,0.09831721145612701,0.10094561284290679
7,15,test_trans,1.8249437808990479,1.8287053108215332,0.2755701541900635,0.9527546619112323,0.0,0.1700611224633404,0.17685446304644237,0.17745103886559543,0.17981388570797116
7,15,train_closed,1.1075866222381592,1.1139761209487915,0.1241188496351242,0.8950027836244259,0.0045,0.14468550812180225,0.15296668175074277,0.14986135475424653,0.15470689024853151
7,15,train_open,1.2130074501037598,1.2535107135772705,0.1789863109588623,0.8088627630694242,0.006,0.1574065592250608,0.16613851565528392,0.15876745579080268,0.16189170572893577
8,6,test_trans,1.732202172279358,1.7699946165084839,0.3483649790287018,0.958980158714725,0.04,0.12228015200121997,0.13277788078457176,0.1400893174955909,0.1302814324229829
8,6,train_closed,0.9981334805488586,1.0064953565597534,0.09992695599794388,0.9227456969252149,0.3935,0.09830048816131096,0.10692970711403696,0.11356117479224612,0.1082774931478786
8,6,train_open,1.1057699918746948,1.1333503723144531,0.13100583851337433,0.875003993515257,0.0,0.10433340762483977,0.1132079301127733,0.11704076092466381,0.10167357654434155
8,7,test_trans,1.7430013418197632,1.7734482288360596,0.333196222782135,0.9631004462127558,0.08375,0.1201595909945941,0.12902438576196842,0.13143222779663588,0.12697574082994253
8,7,train_closed,0.9681104421615601,0.9786332249641418,0.09885848313570023,0.9182062505443089,0.3685,0.10059426623199225,0.10057205875777125,0.10284712854865088,0.10664769118525066
8,7,train_open,1.0655661821365356,1.0887619256973267,0.13534897565841675,0.8505285961439891,0.469,0.10315598498913947,0.10906426475529551,0.11429583410066003,0.10213784674932291
8,8,test_trans,1.8194270133972168,1.8832151889801025,0.4173833429813385,0.969431212486873,0.0,0.13449741033266063,0.13794241758150813,0.14377372323039805,0.13826776465799867
8,8,train_closed,0.9918667078018188,1.0018714666366577,0.09724438935518265,0.9256548851248585,0.0,0.10798293787292121,0.10780474169040835,0.11064552552488828,0.10319088342478056
8,8,train_open,1.0949395895004272,1.1191017627716064,0.130681574344635,0.8737424011743412,0.0,0.10752211679576182,0.11567596318833609,0.11633715618592302,0.11247078379365594
8,9,test_trans,1.714703917503357,1.763319969177246,0.34443169832229614,0.9643481145061702,0.180625,0.10333041628959065,0.11137767764899534,0.11291209985059908,0.10733224896037297
8,9,train_closed,0.9100897312164307,0.9195655584335327,0.08936071395874023,0.9290307932423179,0.7835,0.0792112862748058,0.0843689637736884,0.0869865722326443,0.08368082903181057
8,9,train_open,1.009223222732544,1.027710199356079,0.11799173802137375,0.8889105516311777,0.3465,0.0865117457655835,0.09147579238159707,0.09310528321689791,0.08822612496175952
8,10,test_trans,1.698226809501648,1.7243887186050415,0.31306174397468567,0.9643586499898519,0.066875,0.1159782749445134,0.12592926069075408,0.1249830816739981,0.124581892443387
8,10,train_closed,0.9750679731369019,0.9849275350570679,0.10152401775121689,0.935040418901579,0.421,0.09220282991254357,0.10191494185827032,0.1002684947052851,0.09937526712617271
8,10,train_open,1.0837321281433105,1.1062254905700684,0.13042309880256653,0.8787415121717171,0.5095,0.09485575080388456,0.10517172861481142,0.107323210723271,0.10430536220912412
8,11,test_trans,1.8744540214538574,1.9057754278182983,0.3986610174179077,0.960729002977198,0.0,0.15517516767902395,0.16437479556702278,0.16916793465701901,0.158750384694261
8,11,train_closed,1.0313557386398315,1.0386782884597778,0.10236828774213791,0.8918975230086029,0.0205,0.13352810545845348,0.14066535787211076,0.1435270805800796,0.13282283532647626
8,11,train_open,1.0999045372009277,1.1248217821121216,0.13996991515159607,0.8297784314232207,0.0,0.14105857216817408,0.1462395662241689,0.13716086693531027,0.136849203114386
8,12,test_trans,1.683908462524414,1.7285343408584595,0.3372044861316681,0.9733556014704108,0.13875,0.09592541616207553,0.11250903589151239,0.10677949092023006,0.10994389346331562
8,12,train_closed,0.9083592891693115,0.9179012775421143,0.08792303502559662,0.9453461922675531,0.786,0.07073837915847173,0.08315557718600919,0.08294464174425657,0.08158701182177443
8,12,train_open,0.9883056879043579,1.0060619115829468,0.11308831721544266,0.8913489246425991,0.5305,0.07887671800353295,0.08871653871719015,0.0854049787618938,0.08853042969324396
8,13,test_trans,1.9699370861053467,2.075746774673462,0.5530111193656921,0.970012961538565,0.1825,0.12133915958006496,0.13480215694653008,0.13343645687287647,0.13169580667422748
8,13,train_closed,0.9756654500961304,0.9888408184051514,0.10173455625772476,0.9373897410816155,0.471,0.08844982532183349,0.09773330491757365,0.09843786981782171,0.09476028662158051
8,13,train_open,1.0511953830718994,1.076453447341919,0.12847229838371277,0.8766665413270371,0.457,0.0973201114789027,0.1058708985205611,0.10554179576857842,0.0971206114216889
8,14,test_trans,1.8632440567016602,1.8643014430999756,0.36062830686569214,0.947512674508278,0.15375,0.12200907942740942,0.13104938653512957,0.13300989750153275,0.1296962254277902
8,14,train_closed,0.9698845148086548,0.9823434352874756,0.10044761747121811,0.9310216103962952,0.689,0.09765977857454554,0.10325929870758221,0.10555559885083199,0.10129886998108556
8,14,train_open,1.0692241191864014,1.0888735055923462,0.12463750690221786,0.8989842277698659,0.0215,0.10413031016061722,0.1073641670376439,0.11040897067042421,0.10877121250470273
8,15,test_trans,1.8059890270233154,1.8909705877304077,0.433318167924881,0.9690672287475948,0.006875,0.1370099682690581,0.14191432450034874,0.14900498794366118,0.14360212202172173
8,15,train_closed,0.9954733848571777,1.004162311553955,0.10134831070899963,0.9138501024961048,0.057,0.10858482706758193,0.1135198657180885,0.11738218123520455,0.11391220558635529
8,15,train_open,1.0641433000564575,1.087071418762207,0.13042494654655457,0.8678981686874522,0.1275,0.11832389791553638,0.12246352545061144,0.12515402111027896,0.11307248909302275
9,6,test_trans,1.7201499938964844,1.7612887620925903,0.30283263325691223,0.9674527390607232,0.034375,0.14098281586324285,0.14793449186257487,0.15947627302502193,0.15297422343575315
9,6,train_closed,0.9901613593101501,1.0012048482894897,0.10518532991409302,0.9183059274859706,0.3465,0.11404257278059121,0.1250340186714511,0.12976546125423274,0.12595285354828653
9,6,train_open,1.0776658058166504,1.0980641841888428,0.1306362897157669,0.8451389686289489,0.2235,0.12514171234342683,0.1267751455853781,0.12659079400854992,0.133505221156408
9,7,test_trans,1.652944564819336,1.7202978134155273,0.3686864376068115,0.9653698214919497,0.08375,0.1134514962086768,0.11842196508479083,0.1251566146951331,0.11455095674819138
9,7,train_closed,0.8975491523742676,0.9075565338134766,0.09202368557453156,0.9370661079924756,0.571,0.08741488610939879,0.09088588215952888,0.0961192312960367,0.09222363157041125
9,7,train_open,0.9992129802703857,1.013791799545288,0.11792968958616257,0.9025071475818836,0.578,0.09528244276615863,0.0989060847759589,0.09751606225193302,0.10015651401246353
9,8,test_trans,1.7334296703338623,1.7602955102920532,0.3436071574687958,0.9680143846863497,0.155625,0.13087116103184593,0.13077841901527282,0.12415998906026382,0.12982465664379922
9,8,train_closed,0.9069467782974243,0.9172520041465759,0.09292217344045639,0.947208131036906,0.5475,0.10816233220800439,0.10357421227317791,0.10330067822926706,0.10690047294363128
9,8,train_open,1.002648115158081,1.0146926641464233,0.1058226004242897,0.898630757170716,0.5845,0.1073176540812857,0.10562041527303936,0.10658850891959902,0.114468314660774
9,9,test_trans,1.6787960529327393,1.7209025621414185,0.312104195356369,0.9627775684297265,0.030625,0.11547071663372949,0.12429355427384103,0.12890158423557968,0.12323295345149882
9,9,train_closed,0.9313874244689941,0.9390849471092224,0.0897768959403038,0.9320633048346383,0.5455,0.08843327394110792,0.09839986576238802,0.09838222024887125,0.0945656148583278
9,9,train_open,1.027222752571106,1.0442354679107666,0.11950071156024933,0.8857566769180678,0.3295,0.09968709014712475,0.10439545813487583,0.10285500219401095,0.10361846439993619
9,10,test_trans,1.733345627784729,1.7739462852478027,0.3288528025150299,0.9698779734876056,0.0275,0.1317344407871946,0.13286160944168232,0.139915560875419,0.138665239183908
9,10,train_closed,0.9707553386688232,0.982121467590332,0.10142295062541962,0.9307345795736645,0.3275,0.11028940978346208,0.10878992337066878,0.1123448868941071,0.11508641375509321
9,10,train_open,1.0514169931411743,1.0698459148406982,0.11913709342479706,0.886000476085769,0.3345,0.10624103282233456,0.11081796008866782,0.11323770726338431,0.11253798019231048
9,11,test_trans,1.70596444606781,1.7519460916519165,0.30407726764678955,0.9686218086544122,0.02125,0.1475020662647431,0.14272698749809432,0.1547275049173925,0.15300917984837403
9,11,train_closed,0.9811747074127197,0.9946993589401245,0.10238639265298843,0.9276451465529788,0.4075,0.12304617874235663,0.11998615399681581,0.13194889916607747,0.13362265924981756
9,11,train_open,1.06269109249115,1.0847545862197876,0.13617101311683655,0.8586104719802516,0.1895,0.12574755368603371,0.12038445648070195,0.1269531012949611,0.12901036348824463
9,12,test_trans,1.752171516418457,1.7809234857559204,0.3073808550834656,0.9682062006078085,0.001875,0.15021047856995431,0.15275352953449395,0.16164268439498924,0.1616479346989383
9,12,train_closed,0.9960294365882874,1.008589267730713,0.10842790454626083,0.9255109505346933,0.0005,0.12767832628301667,0.1376974455527023,0.14883647890114696,0.14191997074202553
9,12,train_open,1.0759069919586182,1.099865198135376,0.1381591260433197,0.8487959449057928,0.0705,0.1317535361706936,0.13030955030907201,0.1399290537943192,0.1450275665863843
9,13,test_trans,1.6697814464569092,1.7281663417816162,0.31558287143707275,0.9705296209791228,0.1425,0.12396377511748709,0.12194161880735821,0.12874135382509788,0.12771195241287644
9,13,train_closed,0.9444352984428406,0.9541381001472473,0.09409160912036896,0.9407167910888262,0.6915,0.1015541426472587,0.09583255570932576,0.10124198330573123,0.10714057474230565
9,13,train_open,1.0334724187850952,1.0503242015838623,0.11993882060050964,0.8962640264663428,0.3365,0.10195139588090826,0.10367056362877332,0.10486490457542583,0.10843758423815979
9,14,test_trans,1.7532685995101929,1.7499678134918213,0.32723546028137207,0.9706950742267317,0.1675,0.12094852791504512,0.12413274922758744,0.13060017227862195,0.11776353710375598
9,14,train_closed,0.9444969892501831,0.9563054442405701,0.0960274338722229,0.9362080864314318,0.6765,0.0920540862906579,0.0977664506759502,0.10519879064977239,0.09527401136597549
9,14,train_open,1.0389838218688965,1.051690936088562,0.11223099380731583,0.8949513761151193,0.3805,0.09886300394362685,0.0985349944652542,0.10301028611217061,0.09506541217245182
9,15,test_trans,1.7352105379104614,1.7899367809295654,0.3578786253929138,0.9681679010043364,0.02625,0.12521329548813034,0.13496762153996228,0.14176319387536332,0.13426099734373798
9,15,train_closed,0.959129810333252,0.9676355719566345,0.09466828405857086,0.9305479125783652,0.35,0.09813700813385778,0.10673156543506543,0.1129190901585537,0.10459718064652287
9,15,train_open,1.0506130456924438,1.0672143697738647,0.11725262552499771,0.894361426767518,0.2045,0.1039994310366003,0.11258781910474568,0.11749359947938572,0.10899713796422222
10,6,test_trans,1.7397719621658325,1.7714468240737915,0.32257065176963806,0.956105217635659,0.013125,0.12662256703771724,0.14145761885524694,0.15164062869173262,0.13393930093406395
10,6,train_closed,0.9643710851669312,0.9743875861167908,0.0949164405465126,0.9329782365892059,0.177,0.11076103482656266,0.12559935105003805,0.13360045737735585,0.11207271109712816
10,6,train_open,1.0663042068481445,1.0835590362548828,0.12908782064914703,0.8869343489644835,0.204,0.11618688526331895,0.12195449628235949,0.1341479073006898,0.11312333338612911
10,7,test_trans,1.722942590713501,1.7230526208877563,0.2969174385070801,0.9549404860414658,0.1575,0.10197696694343421,0.12038272058373871,0.12594500741778258,0.11263333868939128
10,7,train_closed,0.9117530584335327,0.9202393889427185,0.08832327276468277,0.9439548360151777,0.591,0.08640749097775743,0.10025668936718932,0.10848954286313513,0.09590372479731399
10,7,train_open,1.014176845550537,1.0296787023544312,0.11782979220151901,0.8948507152530166,0.5505,0.08743217406854953,0.10699361102318795,0.1118714730569049,0.09839415390372887
10,8,test_trans,1.668734073638916,1.6836336851119995,0.31056052446365356,0.9554907019614419,0.3225,0.09573485204395876,0.11380794641512781,0.11271876945326945,0.10651324725350936
10,8,train_closed,0.9000129699707031,0.9123845100402832,0.09360350668430328,0.943247886495366,0.646,0.07954648629148023,0.09226613752110875,0.09117420057747339,0.0860985305554396
10,8,train_open,1.010319709777832,1.0279228687286377,0.13165701925754547,0.8997824986259639,0.6035,0.08494989790138309,0.09894755699741284,0.09891108927519464,0.09399175416386833
10,9,test_trans,1.671072244644165,1.6903315782546997,0.302437424659729,0.9556185135148894,0.3025,0.11144075451175811,0.11753216258475016,0.12423624180599077,0.12153221172151576
10,9,train_closed,0.9465308785438538,0.9553790092468262,0.09658309072256088,0.9375224632810828,0.811,0.09002572597188176,0.09682520056575611,0.09920534054198475,0.09383488796174669
10,9,train_open,1.0314404964447021,1.0511860847473145,0.1369105577468872,0.9069192543981981,0.2505,0.09292073634567768,0.1026727938599357,0.10290924190048885,0.09864682517068407
10,10,test_trans,1.746424913406372,1.754357933998108,0.3227756917476654,0.950386431096879,0.0075,0.11263331395576054,0.12264291887011747,0.12942981685352636,0.12577230987767754
10,10,train_closed,0.9460690021514893,0.9560145139694214,0.09704960137605667,0.939438503081613,0.564,0.09373023292279081,0.10520208551600004,0.11301346475969348,0.10600878138598113
10,10,train_open,1.034317970275879,1.0540862083435059,0.12599630653858185,0.8987405654794617,0.264,0.09700650064709428,0.10449798251144601,0.11140023815944587,0.1051175298371941
10,11,test_trans,1.7694637775421143,1.8043615818023682,0.31208139657974243,0.9600108297212492,0.00375,0.13473536158123378,0.142980721042826,0.1479361617213771,0.14323028305146643
10,11,train_closed,0.992160439491272,1.0031867027282715,0.10357441008090973,0.9351192485485214,0.3665,0.11470145165246809,0.12395913661290071,0.1292619631709616,0.12420261324242098
10,11,train_open,1.0666320323944092,1.090646743774414,0.15538200736045837,0.8966952713675911,0.016,0.11338574365233176,0.12424040436725936,0.12989834382969873,0.12387229229217062
10,12,test_trans,1.7372747659683228,1.739079475402832,0.3024950325489044,0.9601126189905097,0.0,0.13223881652286734,0.14535672745285924,0.15275774843685339,0.15229830144254752
10,12,train_closed,0.999475359916687,1.010056734085083,0.0978752002120018,0.9230263271224542,0.0,0.11054548154508766,0.12142877952792008,0.1273005431691577,0.1304490312182108
10,12,train_open,1.0985527038574219,1.122351050376892,0.13981856405735016,0.8862644136519724,0.0025,0.11285633452156521,0.12544685171135367,0.13232784161950822,0.12787372530413135
10,13,test_trans,1.7445886135101318,1.7803938388824463,0.29576408863067627,0.9574871232843442,0.0,0.15867477941506852,0.17018263254482996,0.17304756989721795,0.17454329052264406
10,13,train_closed,1.0311862230300903,1.0440629720687866,0.09968101233243942,0.9178400470750107,0.0,0.13178087627045487,0.13616448858315527,0.14391027009441004,0.14490375438565276
10,13,train_open,1.1127047538757324,1.1374495029449463,0.13882017135620117,0.8633165071112657,0.0,0.13505309641886357,0.13941586716911258,0.1467468222154972,0.14301964529137373
10,14,test_trans,1.7550792694091797,1.774680733680725,0.2866421341896057,0.9636452704504037,0.00625,0.15677060716232458,0.15448720278879052,0.15248478845858723,0.16229766804640464
10,14,train_closed,1.026768684387207,1.039795994758606,0.09934253245592117,0.9211074738476286,0.001,0.13027982217303605,0.12065058823647627,0.12116419898067524,0.1332771131168084
10,14,train_open,1.1203250885009766,1.1450334787368774,0.15023185312747955,0.865036105619036,0.0005,0.13361875847570198,0.12822467713042635,0.1250555446876103,0.14459126530576405
10,15,test_trans,1.747709035873413,1.749697208404541,0.3020595908164978,0.9510684672887436,0.038125,0.1504495906175561,0.15650325944527826,0.17093506233623545,0.1605485104877616
10,15,train_closed,1.0179336071014404,1.0299044847488403,0.10464479774236679,0.9203673196253405,0.2375,0.13238895790282318,0.1363063303983868,0.1428803783968996,0.14212282012478092
10,15,train_open,1.104425311088562,1.1289387941360474,0.1511227935552597,0.8766373674164747,0.0165,0.1382025132325033,0.1404003236657455,0.1569088755522881,0.13948225092527577
11,6,test_trans,1.7015349864959717,1.7482898235321045,0.33040761947631836,0.9732160736513324,0.07875,0.10933899718006444,0.11270235201817022,0.1187975366812931,0.11587577192315725
11,6,train_closed,0.8907383680343628,0.901387631893158,0.08381490409374237,0.9473823964637146,0.6165,0.08466449078283281,0.08538321268456213,0.09061656358029785,0.09006468897037004
11,6,train_open,0.9913965463638306,1.0048922300338745,0.11506430059671402,0.9115267675159802,0.3135,0.094368407627265,0.09197767806759014,0.09653791892321775,0.0973442933075224
11,7,test_trans,1.6413757801055908,1.6434636116027832,0.29492369294166565,0.9651715812242871,0.06375,0.12423995717665187,0.12995366623897942,0.12866988298880483,0.125425760433411
11,7,train_closed,0.8880519866943359,0.8974015712738037,0.08376702666282654,0.9371153413427923,0.638,0.10011575742756423,0.10267523813557983,0.10139790592520323,0.10029820636953578
11,7,train_open,1.0038096904754639,1.021357536315918,0.1295287162065506,0.892638617687763,0.131,0.10223620019674098,0.10634449349478467,0.10743778845592664,0.1075223093136244
11,8,test_trans,1.7023396492004395,1.7150954008102417,0.32646510004997253,0.9726228790186124,0.0425,0.12421895556750724,0.12155939803650544,0.1252449635781962,0.13258458676712798
11,8,train_closed,0.9030510187149048,0.9143365621566772,0.09065946936607361,0.9425765515028081,0.651,0.10127265715067126,0.0985034632066636,0.0986534957777486,0.11103394680485251
11,8,train_open,0.9968481659889221,1.0161664485931396,0.1287684440612793,0.8989558732730334,0.116,0.10624481238956718,0.09983370541931225,0.10473502620994843,0.11521524967459659
11,9,test_trans,1.663067102432251,1.6792123317718506,0.31480616331100464,0.9741103910139417,0.038125,0.1091176357411073,0.1145919273303315,0.11928527595188015,0.11045732399762506
11,9,train_closed,0.8824565410614014,0.8900169730186462,0.08416157215833664,0.9505605210393503,0.3525,0.08708805650687465,0.08431295381073817,0.09212661323410991,0.08741602129509837
11,9,train_open,0.9845247268676758,0.9965016841888428,0.11211121827363968,0.91192003100426,0.1955,0.0919963878315258,0.09395408624563223,0.09591161001600129,0.09559732678200422
11,10,test_trans,1.6121985912322998,1.6141726970672607,0.2638625502586365,0.9699597761324344,0.0975,0.13554990131790526,0.12295513959288246,0.1297559969937706,0.140356403898931
11,10,train_closed,0.903760552406311,0.9121272563934326,0.08143142610788345,0.9407707120933658,0.385,0.1082995688684915,0.0930767301801482,0.10092457823510015,0.11375305654146065
11,10,train_open,0.9977246522903442,1.0140364170074463,0.12482254207134247,0.9139258600700804,0.0935,0.1180955734151997,0.09735054734978382,0.10715974594061392,0.11867612541876073
11,11,test_trans,1.64439058303833,1.6462727785110474,0.279470831155777,0.9728076097275191,0.095,0.12300190820188199,0.13019816872011644,0.12833446343888102,0.13225597397142777
11,11,train_closed,0.9037928581237793,0.9126579761505127,0.08602792769670486,0.9451606840194986,0.5795,0.1020443894264694,0.10423262290915726,0.1023842903333758,0.09982203821441923
11,11,train_open,0.991337776184082,1.0065393447875977,0.11192324757575989,0.9113139465872896,0.177,0.1080194682353933,0.10833431196192313,0.1064827430050974,0.10627482626546804
11,12,test_trans,1.6499981880187988,1.6593801975250244,0.2865774929523468,0.9699612934511247,0.0,0.13425615334738936,0.1350597737795403,0.13578071943096554,0.13869629143262205
11,12,train_closed,0.9141467809677124,0.9246541857719421,0.08705926686525345,0.9412184660729432,0.0,0.1109117653576968,0.10517544764501957,0.10803549953478334,0.1105246937283941
11,12,train_open,1.0054339170455933,1.0250886678695679,0.12248135358095169,0.8906664624113535,0.1295,0.11603195156853464,0.10946430425589697,0.10699213162654109,0.11108916133721014
11,13,test_trans,1.6587164402008057,1.6625348329544067,0.27964720129966736,0.9711595675328489,0.0,0.13403455774276363,0.13685271959014456,0.14388108661813753,0.14337050980892996
11,13,train_closed,0.9126794338226318,0.9231581091880798,0.08809764683246613,0.9416178845732618,0.0005,0.10598792331534483,0.10726557078831397,0.1121277501734845,0.10779254024609045
11,13,train_open,1.0106945037841797,1.0305750370025635,0.14139439165592194,0.9103006957841843,0.0,0.11213462816161737,0.11643787234580016,0.12186333870519937,0.12079853096720697
11,14,test_trans,1.649380087852478,1.652982234954834,0.30391672253608704,0.9741962750392458,0.06375,0.10929783708884788,0.10846971799361604,0.11153056581927583,0.11576098050921574
11,14,train_closed,0.8736628293991089,0.8831459283828735,0.08414802700281143,0.9505159065488502,0.5895,0.08755739194485491,0.07927421946254146,0.08724599406577721,0.09333638098997338
11,14,train_open,0.9720751643180847,0.9896180629730225,0.11978580802679062,0.920056431310593,0.165,0.09453216169922868,0.08595811238724663,0.09036149079371421,0.0985033386846633
11,15,test_trans,1.6486732959747314,1.6514374017715454,0.28019407391548157,0.9723364775985113,0.041875,0.12970604995191015,0.1287623566430429,0.1338393950042391,0.13326506619874776
11,15,train_closed,0.9038573503494263,0.9143733978271484,0.0883578509092331,0.9449376942713901,0.532,0.10108854186095018,0.09992178940771307,0.10664699533639829,0.10716814571243687
11,15,train_open,0.9927475452423096,1.0088987350463867,0.12089336663484573,0.9021699328894824,0.149,0.10660581179399214,0.10025786767864184,0.1073048147758076,0.10861412688797013
12,6,test_trans,1.7966232299804688,1.818402886390686,0.37703460454940796,0.9463705512184007,0.02375,0.12188059678432288,0.12691910964754385,0.1256381057430092,0.1296948577124645
12,6,train_closed,0.9428914785385132,0.9535660147666931,0.09547383338212967,0.9294324264604936,0.4865,0.10226497012414304,0.10020414282627041,0.10145727296966472,0.10120855056901726
12,6,train_open,1.050529956817627,1.0663081407546997,0.12562443315982819,0.9085050038573034,0.232,0.10201370559631937,0.1104799447391071,0.11294658725508795,0.10758898537238154
12,7,test_trans,1.7779568433761597,1.7982151508331299,0.3828173279762268,0.9384530212420094,0.04375,0.11827409162745511,0.11828070491428753,0.1281324109069601,0.12062514506078678
12,7,train_closed,0.9340428113937378,0.9415953159332275,0.09329836070537567,0.9349617067758687,0.551,0.09562577194459661,0.0969765569721039,0.10253883176959983,0.09447834553875464
12,7,train_open,1.041588544845581,1.0620529651641846,0.12931939959526062,0.8807086195413243,0.2755,0.09778617408823909,0.10230798407659385,0.1109888923083425,0.10725589985978483
12,8,test_trans,1.7838631868362427,1.8288127183914185,0.41697636246681213,0.9327019986933176,0.019375,0.1162691105892392,0.11658058207217828,0.12128081436715415,0.12309954507276416
12,8,train_closed,0.9473617076873779,0.9556841254234314,0.09299535304307938,0.9293285644240163,0.0435,0.0923577763488009,0.09413581349477344,0.0989793982650708,0.09573358349006619
12,8,train_open,1.0464726686477661,1.0628103017807007,0.11789269745349884,0.8670098797670087,0.5035,0.10178016189744934,0.10275231098209764,0.10800401609760071,0.10786980432313238
12,9,test_trans,1.7651442289352417,1.8140301704406738,0.4296463429927826,0.9342900657226902,0.1075,0.11279068512525581,0.11139150581529325,0.11212316638148193,0.11053725905742225
12,9,train_closed,0.909929633140564,0.9198697805404663,0.08831224590539932,0.9288371522612018,0.8285,0.09156512826111687,0.08405895482504941,0.08648257037132574,0.08889980895948649
12,9,train_open,1.0050861835479736,1.0221469402313232,0.11657213419675827,0.8925340720925563,0.3525,0.096695720455313,0.09804576914061876,0.09590559441915832,0.09931720821704891
12,10,test_trans,1.7772846221923828,1.8082562685012817,0.40124061703681946,0.9442956135138113,0.060625,0.12254180419001445,0.12162823258905545,0.12329687303250414,0.11954672349567327
12,10,train_closed,0.9260224103927612,0.9343453049659729,0.09516210108995438,0.9347412807205049,0.489,0.09700122326343082,0.09422868617179067,0.09847363874728071,0.0945228992633016
12,10,train_open,1.035753607749939,1.0588840246200562,0.13417679071426392,0.8872020049456767,0.4555,0.10012208202596348,0.0983722880956306,0.10835279973861185,0.0994769547843288
12,11,test_trans,1.775956392288208,1.8090041875839233,0.40864846110343933,0.9514959142405852,0.12,0.10470235490992477,0.11393623215395707,0.11065885977409448,0.11107472129712713
12,11,train_closed,0.8976464867591858,0.9072800278663635,0.09581634402275085,0.9426044628754472,0.739,0.08337770345394482,0.09011639791515651,0.08812059942127098,0.08399101832642283
12,11,train_open,1.00409996509552,1.0215786695480347,0.11819883435964584,0.9047009193216746,0.461,0.09336761284766198,0.09213421416649206,0.09422062250917113,0.10150232431395753
12,12,test_trans,1.8945081233978271,1.8842943906784058,0.41894087195396423,0.9544288556226623,0.0125,0.1341915987189048,0.13610140284838262,0.14200458106347746,0.13414256082095277
12,12,train_closed,0.9640387296676636,0.978246808052063,0.09583573788404465,0.9224480251429517,0.3435,0.10950750569743456,0.11159041363824365,0.11607148422851915,0.10969512124301427
12,12,train_open,1.0695509910583496,1.087303876876831,0.12266618758440018,0.8875207328213461,0.1965,0.1134775319402137,0.11641698074531766,0.12621246902393018,0.11722093998884281
12,13,test_trans,1.8202115297317505,1.8223692178726196,0.3716454803943634,0.9610306781564856,0.166875,0.1085784791032752,0.11465448015738178,0.1167850155324179,0.10916471528728022
12,13,train_closed,0.9292889833450317,0.9375942349433899,0.08935828506946564,0.9417203357619836,0.6945,0.09087035978195046,0.09290985230515017,0.09460108632708839,0.09012258626567554
12,13,train_open,1.0138320922851562,1.0315146446228027,0.11565031856298447,0.887981801768049,0.2225,0.09209484572244862,0.09989075543327383,0.10806517277924588,0.1003319304377329
12,14,test_trans,1.7924180030822754,1.840018630027771,0.42943304777145386,0.9571925406314437,0.0675,0.11622726049229457,0.11939795738623152,0.12981020543852465,0.12366306731536025
12,14,train_closed,0.9312309622764587,0.9403064250946045,0.09154751896858215,0.9349911359863647,0.531,0.08871302321130412,0.09235986092679821,0.09971963992955842,0.0941385485358743
12,14,train_open,1.0106079578399658,1.0275447368621826,0.11739892512559891,0.8968846292821812,0.2445,0.09787141396867412,0.09681480685592515,0.10673331205871539,0.10471514389309236
12,15,test_trans,1.7980337142944336,1.8033899068832397,0.39198777079582214,0.9542673280810283,0.19875,0.10273156534364648,0.10062722309927313,0.10520384533516644,0.10678512328556533
12,15,train_closed,0.8942968845367432,0.9022765159606934,0.08519962430000305,0.9442315552941789,0.7215,0.08471022195230912,0.08109121485533577,0.08656093469386007,0.08442424074472189
12,15,train_open,0.9999998807907104,1.0140111446380615,0.1142982691526413,0.917708971511905,0.1885,0.0919318428543871,0.09080526556615089,0.09096456058451557,0.09535146395492392
13,6,test_trans,2.094740390777588,2.192852258682251,0.5196662545204163,0.9243313354575197,0.0,0.2731403594913583,0.2896818309436072,0.27659125121759465,0.2723559011012594
13,6,train_closed,1.3089702129364014,1.329440712928772,0.1694639027118683,0.8258649144833045,0.0,0.2484106485871963,0.26027908145132517,0.24698394330999382,0.25251782018165814
13,6,train_open,1.3579816818237305,1.4070675373077393,0.23855538666248322,0.6926473282742159,0.0,0.2721173476680847,0.2741147372116005,0.2606945685996174,0.25330043195999274
13,7,test_trans,2.117360830307007,2.204129695892334,0.5500460863113403,0.9174672155593437,0.0,0.2579546024030697,0.2794543769371697,0.2693325761336899,0.2790356066102814
13,7,train_closed,1.2971413135528564,1.3171896934509277,0.16973751783370972,0.8267128391900113,0.0,0.23867782470123605,0.26091328100442446,0.24315930056734317,0.25107716479570985
13,7,train_open,1.3619880676269531,1.4104413986206055,0.23578818142414093,0.6754427036395939,0.0,0.26355464248452115,0.26122015563800993,0.2672410529112473,0.2796450061852426
13,8,test_trans,2.103485345840454,2.1943631172180176,0.5220937132835388,0.922489678556812,0.0,0.2716803172645448,0.29121036794565675,0.27163828520797195,0.2867524061090682
13,8,train_closed,1.3136143684387207,1.3333439826965332,0.17120672762393951,0.8264627344189343,0.0,0.2508448658356322,0.2717218943671143,0.23747924583887992,0.25952422399765424
13,8,train_open,1.3655561208724976,1.4149242639541626,0.23823770880699158,0.6744778444471298,0.0,0.2735219306574762,0.2702695196364372,0.26846947153716,0.27440482564627083
13,9,test_trans,1.6591556072235107,1.7075785398483276,0.3540591895580292,0.967975794022136,0.01125,0.11426007275853207,0.1166038193248929,0.12100643606149433,0.1216472511092947
13,9,train_closed,0.8985549211502075,0.9091242551803589,0.08536180108785629,0.9438493248618529,0.329,0.09672769809238073,0.092376252778403,0.09347918965238564,0.10022086779553671
13,9,train_open,1.003548502922058,1.021427869796753,0.12156860530376434,0.9060794912062669,0.372,0.09902156053488584,0.10029339421608696,0.10244354160032615,0.10640978996889192
13,10,test_trans,1.6478776931762695,1.6894879341125488,0.3273788094520569,0.9714745574800869,0.634375,0.06308219698349378,0.070829808854368,0.07252652495450097,0.0628765773965557
13,10,train_closed,0.8995919823646545,0.906378984451294,0.08579002320766449,0.9499931419372502,0.901,0.05074982302296625,0.0566545465718145,0.05838884956198272,0.04980605865185443
13,10,train_open,0.9958831071853638,1.0141149759292603,0.11828234046697617,0.8983493848095752,0.38,0.05549387201284933,0.053903232248853794,0.05821688831684719,0.05010346914189738
13,11,test_trans,1.722316861152649,1.7624984979629517,0.38246625661849976,0.9643911875508133,0.015,0.12994713516569195,0.13587962281363797,0.13977992680835857,0.13842157989688758
13,11,train_closed,0.9230599403381348,0.9342119693756104,0.09133188426494598,0.9349907201029037,0.4185,0.10902241909752865,0.108901112291544,0.11264895269630154,0.1154335098820609
13,11,train_open,1.0374120473861694,1.0627338886260986,0.15184320509433746,0.8811823929365946,0.3375,0.11321499651990977,0.11787953913605664,0.11847954140096023,0.12413715969760805
13,12,test_trans,1.6166024208068848,1.6637638807296753,0.33634495735168457,0.9685154213514647,0.000625,0.050510905937630496,0.055160119488016995,0.056446320765241614,0.051047189477878036
13,12,train_closed,0.8646785616874695,0.8743433952331543,0.08396963030099869,0.9456313846228735,0.0,0.04054759864423857,0.04369452571616565,0.04303199988401947,0.04073858076739367
13,12,train_open,0.9612540006637573,0.9774090647697449,0.11511285603046417,0.8998709238917391,0.8345,0.04580369564773219,0.04911443783141653,0.046690002719401755,0.044512624678950306
13,13,test_trans,1.610136866569519,1.6611922979354858,0.3584900200366974,0.9678332970701763,0.0025,0.05851851419679964,0.06773379858830428,0.07015162263603866,0.06102285781856483
13,13,train_closed,0.8823904991149902,0.8908267021179199,0.08506801724433899,0.9540596883623694,0.0,0.04825489418999692,0.058266002358847435,0.05661625342822949,0.0523906620680835
13,13,train_open,0.9742308855056763,0.99093097448349,0.11486651748418808,0.8975791636621065,0.5495,0.0494339716150778,0.06093624653566625,0.05989712179667494,0.05247740525232449
13,14,test_trans,1.7312767505645752,1.7881872653961182,0.41231197118759155,0.9652898897352983,0.1375,0.12175132717528064,0.12408150864846046,0.12780549495107144,0.12928919737391473
13,14,train_closed,0.9163752198219299,0.9258411526679993,0.08721299469470978,0.9398771795961965,0.653,0.09676097344649737,0.09704829452730687,0.0984573887172198,0.10785097010718936
13,14,train_open,1.0197639465332031,1.042814016342163,0.14789354801177979,0.8988841807452309,0.3715,0.10844953720166739,0.10797498482610667,0.11084464150650117,0.11185212550394855
13,15,test_trans,1.7592413425445557,1.8069247007369995,0.4095061421394348,0.9613604481300118,0.101875,0.13124910522866104,0.13556025783373662,0.14078706064737836,0.13925486958697691
13,15,train_closed,0.9371259808540344,0.9469566941261292,0.08757371455430984,0.9309015351094642,0.5005,0.11122204415285342,0.11793433112860818,0.12104306039484126,0.12068757128764304
13,15,train_open,1.0406650304794312,1.063459038734436,0.14831893146038055,0.8856465126328232,0.188,0.11594265126822265,0.1206199071961934,0.1271380746006505,0.12651338508912854
14,6,test_trans,1.7280761003494263,1.7405086755752563,0.3115273714065552,0.9607944604882108,0.028125,0.13622816694849244,0.13568638874899852,0.14918951384650564,0.13624475026896138
14,6,train_closed,0.9765908122062683,0.9851436018943787,0.09333302080631256,0.9223817416312039,0.136,0.11831737941029555,0.11989919724453503,0.12931385150935198,0.11748351513326026
14,6,train_open,1.0446332693099976,1.0623713731765747,0.12230853736400604,0.8762147205428753,0.2825,0.12351176118328996,0.12548436748278186,0.14065119892145173,0.12630901602394776
14,7,test_trans,1.6696767807006836,1.6886564493179321,0.32346266508102417,0.9669833906952621,0.220625,0.10921986563736458,0.11798078269367393,0.1262460425371463,0.10700291778685828
14,7,train_closed,0.8899530172348022,0.8980427384376526,0.08560236543416977,0.9426898319862943,0.7115,0.09019932605537585,0.09852182396615533,0.11012260473927975,0.09074712755499165
14,7,train_open,0.987450361251831,1.003480076789856,0.11915436387062073,0.9082208214826507,0.168,0.09545864030099042,0.10840649983083975,0.11573732409299857,0.0975912552739796
14,8,test_trans,1.6525920629501343,1.6694964170455933,0.2928112745285034,0.9666537989556662,0.145625,0.11334314515737476,0.12528850996606833,0.13041207551214953,0.11810599890234927
14,8,train_closed,0.9091929197311401,0.9198594689369202,0.09100919961929321,0.939410538400098,0.622,0.09427248056461383,0.10536546806165917,0.1076895388818319,0.0995885928149337
14,8,train_open,0.9979583024978638,1.0135741233825684,0.11324060708284378,0.904452973471003,0.249,0.09962558069168767,0.11123315991203847,0.11212411491525869,0.10613629502373328
14,9,test_trans,1.6671793460845947,1.694830060005188,0.3184189200401306,0.9669719404694975,0.073125,0.10739496042581115,0.12008182128610041,0.12584419661037594,0.11027482677924379
14,9,train_closed,0.8946877717971802,0.9036195278167725,0.08627703040838242,0.9440815135919804,0.5375,0.08802021286440526,0.09934005621614388,0.10635324670907555,0.09240525415877553
14,9,train_open,0.9875979423522949,1.0048394203186035,0.13093572854995728,0.9061925732861509,0.168,0.08933331512830282,0.10676653475149,0.11298006113403301,0.0986936043436905
14,10,test_trans,1.7503912448883057,1.7751880884170532,0.3212425112724304,0.9627825105592035,0.038125,0.14516727695165926,0.15518345776433862,0.1657673650303345,0.14749037606916124
14,10,train_closed,1.0231869220733643,1.0324609279632568,0.09137771278619766,0.9186183684951316,0.1425,0.12914685995631262,0.13854919221485773,0.1495445926665338,0.13139014589505013
14,10,train_open,1.1078760623931885,1.1286145448684692,0.11929356306791306,0.8576677923995958,0.0365,0.13241962924474765,0.13609863936543057,0.1451223944797855,0.13039455526270513
14,11,test_trans,1.715179204940796,1.7282953262329102,0.32603561878204346,0.9658379702778533,0.23375,0.1120103582551755,0.12167640839675689,0.128038584756336,0.11624056062041793
14,11,train_closed,0.9177732467651367,0.9284107685089111,0.09083949029445648,0.9417496593334679,0.6085,0.09338542270172792,0.09990131218850752,0.10913347949214522,0.0986618342750544
14,11,train_open,1.0013103485107422,1.0174471139907837,0.11436775326728821,0.9067636403061452,0.299,0.0933589585759172,0.10899752973582713,0.11238030794491027,0.10361278987761294
14,12,test_trans,1.6693799495697021,1.6852455139160156,0.33063340187072754,0.972526027349767,0.184375,0.10606729359656919,0.11316504172222085,0.12387040297301073,0.11026070635786898
14,12,train_closed,0.8767257332801819,0.8844249248504639,0.08628645539283752,0.9463003064602871,0.782,0.08559346010087554,0.09314821851608138,0.10035320424862672,0.08770154637507434
14,12,train_open,0.9745598435401917,0.9883502125740051,0.10968533158302307,0.9124370177597447,0.1565,0.09373773751310674,0.09771081903412322,0.11012318197928292,0.09666921978074139
14,13,test_trans,1.678449034690857,1.6951490640640259,0.316511332988739,0.9613046895964593,0.329375,0.09433454554084716,0.11069393698829366,0.11229093754102284,0.10509265169775785
14,13,train_closed,0.874296247959137,0.8833059072494507,0.08680211007595062,0.9396632089202215,0.7585,0.07539064143332114,0.09350121833472685,0.09254170800899292,0.08348759430969695
14,13,train_open,0.9740514755249023,0.9878309965133667,0.11295495182275772,0.8958047875204143,0.257,0.07869735255619204,0.09543421348521933,0.10020494661451144,0.08374195059815842
14,14,test_trans,1.720674991607666,1.746029257774353,0.3334716260433197,0.9654386419262094,0.069375,0.11384185674679162,0.13383544211576354,0.1410796564816787,0.12019267487149658
14,14,train_closed,0.9208793044090271,0.9335049986839294,0.0918789878487587,0.940827350244999,0.4395,0.09811760395516385,0.11223356408419535,0.11890085623835418,0.10054509593403763
14,14,train_open,1.015268087387085,1.030860185623169,0.12377746403217316,0.894983605734453,0.263,0.09858404029341458,0.11612883695706011,0.12157811699110438,0.10390085749072893
14,15,test_trans,1.6790218353271484,1.6847485303878784,0.30419570207595825,0.972294177299513,0.155,0.1054253466471655,0.11073928424875402,0.11853508755727028,0.11452516281728631
14,15,train_closed,0.8948506116867065,0.9065814018249512,0.09275515377521515,0.9524615730175052,0.645,0.08775996040268119,0.08975472476335086,0.0977370252909156,0.09355495243397549
14,15,train_open,0.9861512184143066,1.0013633966445923,0.11061196029186249,0.9160674785015199,0.12,0.09229735595345898,0.09910840840139862,0.10166858145543327,0.09486080094646451
15,6,test_trans,1.604499101638794,1.6308354139328003,0.27039846777915955,0.9620478028029034,0.051875,0.1118513644889883,0.12802313722290723,0.13569068203884205,0.11623139642420648
15,6,train_closed,0.9131581783294678,0.9245285391807556,0.09022039920091629,0.9465384652652941,0.666,0.09016857265767975,0.10191090947771508,0.10934493644853412,0.09214019096248621
15,6,train_open,0.991337776184082,1.0078903436660767,0.11385544389486313,0.9093725693495298,0.4075,0.0937072390921467,0.10715867950301841,0.11192456434413367,0.09473801131062301
15,7,test_trans,1.6748864650726318,1.6983929872512817,0.2831726372241974,0.9541428267104256,0.03125,0.14851746135508503,0.1593481261258224,0.1567044866648545,0.1473016538642234
15,7,train_closed,0.9816498160362244,0.9911835789680481,0.09669811278581619,0.92552842790531,0.338,0.12366179304259642,0.13392595841479848,0.1286270749439409,0.12440622872660322
15,7,train_open,1.0874361991882324,1.1092746257781982,0.12876997888088226,0.8998214564639119,0.208,0.12826433282259012,0.13722339839783218,0.13724119761041062,0.13198625977316716
15,8,test_trans,1.5704883337020874,1.594006061553955,0.26947587728500366,0.9628081129119053,0.105625,0.11510702126827804,0.12462393473465105,0.12389440348901595,0.12128225311125511
15,8,train_closed,0.8931884169578552,0.9051003456115723,0.08510492742061615,0.9480887756402907,0.6335,0.08714857691098461,0.09712730345714765,0.0989335516513148,0.09224809510541379
15,8,train_open,0.9775450825691223,0.9949958324432373,0.11366868019104004,0.9123517877650941,0.343,0.09222950586372278,0.10380589968665115,0.10636190471584582,0.09642542850981542
15,9,test_trans,1.584985613822937,1.598320722579956,0.2730496823787689,0.975716154957574,0.234375,0.10415848314216541,0.11648556872211856,0.1215073667926109,0.11810761258410762
15,9,train_closed,0.8714588284492493,0.8843767046928406,0.08843546360731125,0.9563298225235396,0.432,0.08143730424535492,0.08886988677578883,0.09599286784395723,0.0951482202093532
15,9,train_open,0.947853684425354,0.9631847739219666,0.10814429819583893,0.9210013269630422,0.5175,0.08388650369415693,0.09355651335128373,0.09680991949585328,0.08985613277248608
15,10,test_trans,1.604825735092163,1.6099852323532104,0.26550063490867615,0.9703970460201329,0.2825,0.10082727512067652,0.1201818086636875,0.1222144141689438,0.11055167010082137
15,10,train_closed,0.8552252650260925,0.8648849129676819,0.0834355354309082,0.9549759199046601,0.667,0.07453881876566185,0.09315721714609132,0.09687723533518672,0.08714001515570577
15,10,train_open,0.948345422744751,0.9650855660438538,0.10432273149490356,0.9319107276119531,0.5775,0.08446381035085677,0.09738273886274493,0.10142123093420134,0.09211244457788414
15,11,test_trans,1.5925233364105225,1.615259051322937,0.2684774398803711,0.9698653527856975,0.095625,0.11350849620456588,0.11614695882403397,0.12574224994965366,0.11731952885401585
15,11,train_closed,0.8964121341705322,0.9058786630630493,0.09016595780849457,0.9477351004182554,0.5965,0.08400598014468327,0.08915265368590093,0.10038248609050836,0.08923731136614796
15,11,train_open,0.9781410694122314,0.9953109622001648,0.11413266509771347,0.9165623823910023,0.393,0.08934013955262692,0.09774846763431475,0.10384921099662514,0.0924959804551766
15,12,test_trans,1.5874838829040527,1.6091110706329346,0.26447921991348267,0.9719202785986826,0.078125,0.11482473007358562,0.12507616933477833,0.12935360852712233,0.12168294648657449
15,12,train_closed,0.9002719521522522,0.909863293170929,0.08875872939825058,0.9501501167187009,0.5955,0.08752901670077572,0.09886839923613819,0.1013592547212789,0.09278682850642839
15,12,train_open,0.9849686622619629,1.0034245252609253,0.11305255442857742,0.9087747318237499,0.3995,0.09899949279098465,0.10456888366425812,0.1102718522742205,0.09547032550596612
15,13,test_trans,1.6042084693908691,1.6252964735031128,0.2636928856372833,0.9697948003007519,0.0475,0.12685401165326193,0.13456247224319023,0.13695338472852123,0.1328218231128378
15,13,train_closed,0.9061432480812073,0.9172564744949341,0.08956357091665268,0.9480654546871254,0.4715,0.10019603651673353,0.10543726238374791,0.10785710720393231,0.10509304975783956
15,13,train_open,0.9974325895309448,1.0177240371704102,0.1173677146434784,0.9120798334126836,0.231,0.10488987377378019,0.11052368074532781,0.11608536663234512,0.10773990374954623
15,14,test_trans,1.588052749633789,1.6102615594863892,0.2687244117259979,0.9726030785354377,0.103125,0.11182358353321495,0.12224379168331062,0.13193104597102254,0.12302005853363182
15,14,train_closed,0.8759942650794983,0.8862639665603638,0.08480966091156006,0.9502655046472128,0.5445,0.0884413230861931,0.09561138369947732,0.1077142954163016,0.09521413719579022
15,14,train_open,0.9532791376113892,0.9679063558578491,0.10936199128627777,0.9183498607598861,0.2225,0.08806297000393573,0.10067773048859296,0.10936786501487272,0.09779483937610985
15,15,test_trans,1.5972551107406616,1.6099728345870972,0.2674150764942169,0.9717109270253397,0.09625,0.11078525469771583,0.12043210880695035,0.11928668654214039,0.12154982938132694
15,15,train_closed,0.8762603402137756,0.8849667310714722,0.08568377047777176,0.951304280460695,0.4015,0.08407728488211365,0.09088594266676782,0.09432794712847865,0.08889730745227425
15,15,train_open,0.9590994119644165,0.9740049839019775,0.10859915614128113,0.9147839920795025,0.3715,0.08870835838178756,0.10136982365146927,0.10016264633728435,0.09531338532907084
16,6,test_trans,1.626521110534668,1.6603379249572754,0.31736692786216736,0.9595396068369505,0.271875,0.10948567628140135,0.1209011748208703,0.11732611362183674,0.11991831339993092
16,6,train_closed,0.90314781665802,0.9133132696151733,0.08144450932741165,0.9416434310827679,0.726,0.088442048498163,0.09855587133287835,0.0973338460235284,0.1010037062051015
16,6,train_open,1.0032870769500732,1.0192633867263794,0.11757130920886993,0.9057542309753863,0.462,0.09320223455374863,0.1035214942423988,0.10545311023024931,0.10546738719529189
16,7,test_trans,1.706647515296936,1.7319145202636719,0.3473852872848511,0.9392128366190989,0.035625,0.14306237236473035,0.16244209300549806,0.1579736716616011,0.1512682449080578
16,7,train_closed,1.0028223991394043,1.0137133598327637,0.09645552933216095,0.9100420041044085,0.327,0.11799202734508145,0.1400429109382343,0.1331184641416399,0.125671812257929
16,7,train_open,1.1042670011520386,1.1263238191604614,0.13548140227794647,0.8579600837464532,0.002,0.12165366235895407,0.14237063541128653,0.14281039960729824,0.12910670217811612
16,8,test_trans,1.7556767463684082,1.7675727605819702,0.34026601910591125,0.9487311526604253,0.00875,0.14546049050079957,0.1581358779309152,0.1516001551964111,0.15640974121279683
16,8,train_closed,1.0260591506958008,1.0367662906646729,0.10440415889024734,0.909456032707921,0.0175,0.12606999515065206,0.13900460290046113,0.1313958187689493,0.13526006457832676
16,8,train_open,1.1185550689697266,1.1467323303222656,0.15261287987232208,0.8288117795728055,0.0,0.13686563813464733,0.14717242191491536,0.1401939801508133,0.1401843292490399
16,9,test_trans,1.7276713848114014,1.7524049282073975,0.33691316843032837,0.9421390533512491,0.013125,0.1463334714415006,0.14992093607015036,0.1553103303708084,0.15285540560647493
16,9,train_closed,1.0072001218795776,1.0199159383773804,0.10146898031234741,0.9079663278853308,0.4965,0.12694654218267715,0.12834066575131375,0.13253654251391173,0.12803979045137653
16,9,train_open,1.1039502620697021,1.1283315420150757,0.14057345688343048,0.8397989541460112,0.0755,0.13047926933805967,0.1255822694188738,0.12940469742571487,0.13053438270168954
16,10,test_trans,1.7005757093429565,1.718899130821228,0.3514907956123352,0.9604615857336088,0.184375,0.11097884650046998,0.12458285503534869,0.13482886275261588,0.12140606545156421
16,10,train_closed,0.8834795951843262,0.8935529589653015,0.08106526732444763,0.9485173481018608,0.7825,0.0921445295111164,0.10727142841104641,0.11376714455004819,0.10195370723870142
16,10,train_open,0.9745299816131592,0.9914000630378723,0.11201010644435883,0.9204055941129934,0.3845,0.09458349071335667,0.10907356639088779,0.11383156410181779,0.10689196702624944
16,11,test_trans,1.7105355262756348,1.7330011129379272,0.3388952314853668,0.9546866387216784,0.021875,0.13606586963635214,0.13990951406392257,0.14301708943378233,0.14689433279446093
16,11,train_closed,0.9584612846374512,0.9703667759895325,0.09272754192352295,0.9291503379545152,0.4875,0.11609792988868409,0.1204268329050435,0.12302889606483072,0.12380500273237613
16,11,train_open,1.0698778629302979,1.090510368347168,0.125637948513031,0.8883452249318552,0.0425,0.11940413203740001,0.12288504337052261,0.12552454647095468,0.13812520774671594
16,12,test_trans,1.7064085006713867,1.736417293548584,0.33967944979667664,0.953432649452438,0.0,0.15144389335890845,0.15863098917546056,0.16295496088180284,0.15710713531871232
16,12,train_closed,0.9920135736465454,1.0030159950256348,0.09388189017772675,0.9224880847057547,0.039,0.12935752801136788,0.13778076255416993,0.14291368858082165,0.1325626160568119
16,12,train_open,1.0787467956542969,1.0996677875518799,0.1307973712682724,0.87004157032622,0.0,0.129354455797995,0.14177721014574532,0.14815996443299104,0.13542756197739514
16,13,test_trans,1.6776329278945923,1.7058950662612915,0.31693539023399353,0.946288372347668,0.0,0.1419847984954043,0.15601316642069457,0.1619378699746126,0.15625508282089626
16,13,train_closed,0.971205472946167,0.9831855893135071,0.09634094685316086,0.9165525736463077,0.0,0.1165395086352763,0.1347998022442551,0.13836456684405934,0.131628974724026
16,13,train_open,1.0744976997375488,1.0975143909454346,0.13901640474796295,0.8684748296524295,0.0,0.12070748509724102,0.1373322078210537,0.14570850414377778,0.14194979392320528
16,14,test_trans,1.6807215213775635,1.705165982246399,0.33673545718193054,0.9631391460946509,0.0775,0.12723057721430353,0.13437564370250105,0.13546115898510108,0.13863689517259817
16,14,train_closed,0.9662727117538452,0.9751768708229065,0.08503785729408264,0.9347179733287991,0.576,0.10458408309355627,0.11114932360358579,0.11096673879685265,0.11579332494097638
16,14,train_open,1.0542676448822021,1.072432518005371,0.1231047511100769,0.8940068121743037,0.316,0.11056087680063809,0.11363841902918143,0.1216187910947163,0.12201292801348107
16,15,test_trans,1.7278400659561157,1.7491769790649414,0.3607807159423828,0.9436112402876659,0.02125,0.13588920221727946,0.14839136087338844,0.1467177007353432,0.1454486896834507
16,15,train_closed,0.9847023487091064,0.9957152605056763,0.09642607718706131,0.9092219955450883,0.4525,0.11745182041227145,0.12812330487946758,0.12580851584276473,0.12334586686267504
16,15,train_open,1.081498384475708,1.1025470495224,0.1324560046195984,0.8581904570499492,0.0485,0.11944399961967284,0.12557986507993998,0.1298084134499911,0.12760102337746143
17,6,test_trans,1.61295747756958,1.6316152811050415,0.29718318581581116,0.9579106454843596,0.153125,0.09196227963459704,0.10864782274370376,0.1144169478621996,0.10500086686956298
17,6,train_closed,0.873962938785553,0.8846492767333984,0.08323364704847336,0.9477332932834184,0.573,0.0741850243989267,0.08608864637186389,0.0929562509181576,0.08319003560951437
17,6,train_open,0.9575183391571045,0.9701120257377625,0.10454749315977097,0.9240421352138104,0.525,0.08252428467865408,0.09353812180115956,0.10072240506406487,0.09194330450699142
17,7,test_trans,1.6340454816818237,1.6494308710098267,0.2894565761089325,0.9614994363417825,0.091875,0.10949177445839556,0.1293586428252686,0.13653783177288892,0.12196513652712364
17,7,train_closed,0.904244065284729,0.9123749136924744,0.08766286820173264,0.9449652951661222,0.155,0.09400506367304236,0.11008925934071118,0.11505312737694368,0.1032778346088507
17,7,train_open,1.0062450170516968,1.0208364725112915,0.11034394055604935,0.9142726920447615,0.2155,0.09698745195969971,0.11177233797801099,0.12056839632510352,0.11016564051323213
17,8,test_trans,1.6336889266967773,1.661867380142212,0.31211671233177185,0.9685469578312945,0.0675,0.10787425856351074,0.11694616009309705,0.12166830301605204,0.11314116985736518
17,8,train_closed,0.8878551125526428,0.8992524147033691,0.08624959737062454,0.9401339935670973,0.5135,0.0879461022990178,0.0942355706373259,0.0985892505042529,0.09384086880369363
17,8,train_open,0.9865056872367859,1.0013140439987183,0.11539915949106216,0.9147537951217637,0.2365,0.09174491941046564,0.10208950938037173,0.10459440357810533,0.10088555181048978
17,9,test_trans,1.6155927181243896,1.6352251768112183,0.29049453139305115,0.9644985042895905,0.139375,0.09833275141043143,0.11417042228280308,0.11606060641992905,0.1073566596224079
17,9,train_closed,0.8836444616317749,0.8938744068145752,0.08293342590332031,0.9483049556345601,0.586,0.08072332665177585,0.09433382709825616,0.09425088381539991,0.08832181577714777
17,9,train_open,0.9676287174224854,0.982069730758667,0.11217192560434341,0.9207532689129841,0.6155,0.08584841084749663,0.09498990606899363,0.09608023406807858,0.09188401705255583
17,10,test_trans,1.6525568962097168,1.691339373588562,0.305757999420166,0.9638191887321677,0.103125,0.11257637894198777,0.12774186706797008,0.1293959031856315,0.11911429576505375
17,10,train_closed,0.918281078338623,0.9280103445053101,0.08222479373216629,0.9409263547652625,0.591,0.09032874265364299,0.10565407575288394,0.10442197456750851,0.09868608879855356
17,10,train_open,0.992424726486206,1.0108041763305664,0.11216342449188232,0.9152978030565724,0.432,0.09609094510452698,0.10526722012794401,0.10850321820472295,0.10200355780989374
17,11,test_trans,1.5943152904510498,1.610236644744873,0.2759036123752594,0.9701793183269395,0.09625,0.09352114093581579,0.10029029612981422,0.10722204727182644,0.0986569221246921
17,11,train_closed,0.849379301071167,0.8594390749931335,0.08160354197025299,0.9457001130166055,0.725,0.07298722255625488,0.07869022140142169,0.08358268224864916,0.07737788778318262
17,11,train_open,0.9375612139701843,0.9498057961463928,0.10131007432937622,0.910791282932197,0.5665,0.07831251528884711,0.08547766699101482,0.08972517335794254,0.08600055712281299
17,12,test_trans,1.600717306137085,1.6243380308151245,0.2808581590652466,0.9674943296160574,0.065625,0.1158118569221159,0.12993246824666008,0.13486889610448305,0.12374943310967274
17,12,train_closed,0.9198028445243835,0.9292200207710266,0.0873199850320816,0.9464721676640933,0.302,0.09632293683118284,0.10900752323074789,0.1135675854617986,0.10620270844669054
17,12,train_open,1.0000873804092407,1.015611171722412,0.11187092959880829,0.9113820831721013,0.0535,0.10138028416736578,0.11208867372534906,0.11560239801373014,0.10770253216945827
17,13,test_trans,1.6720657348632812,1.6953104734420776,0.3134879767894745,0.9664757576967444,0.033125,0.09695412068862197,0.11393003030100442,0.11925181507459755,0.11007246557477707
17,13,train_closed,0.8800097703933716,0.8894166946411133,0.08068916201591492,0.9470196484762714,0.39,0.07742648432487344,0.09031741086746531,0.09813013016705943,0.0922596918487128
17,13,train_open,0.9594639539718628,0.9732635617256165,0.10392440855503082,0.923619626903202,0.557,0.08550795229701678,0.0956744681331125,0.10585023005328939,0.09535536952087804
17,14,test_trans,1.6645557880401611,1.696861743927002,0.28123632073402405,0.9587958101374784,0.0,0.14236542586492928,0.1476568705993931,0.14694050556751526,0.15172495461796276
17,14,train_closed,0.9991254806518555,1.006459355354309,0.09188392758369446,0.9164558760357707,0.0,0.11955049144624985,0.1278917997604922,0.12666652063263262,0.13644608865254182
17,14,train_open,1.0769355297088623,1.1007102727890015,0.1310841292142868,0.8907572918730021,0.0,0.1273816570188398,0.13217654732694886,0.13657723325490956,0.13243372389824318
17,15,test_trans,1.6507396697998047,1.6664210557937622,0.30759337544441223,0.9578154443540416,0.064375,0.11353992794682989,0.13432584049026725,0.13346189432260533,0.12273693425627777
17,15,train_closed,0.8944271802902222,0.9042770862579346,0.08717253059148788,0.9402085102629407,0.1395,0.09388817365191349,0.10974924266788452,0.1118154973036378,0.10400105418430017
17,15,train_open,0.9803726673126221,0.9983465671539307,0.1136510893702507,0.8883872535217595,0.123,0.09836865942106834,0.11730427866517731,0.11520740398496311,0.10511786585282391
18,6,test_trans,1.8202755451202393,1.8358676433563232,0.3723498582839966,0.9508659540927236,0.001875,0.12780818728139748,0.13845036396518073,0.1405653825385385,0.13499077462618203
18,6,train_closed,0.9419020414352417,0.9529334902763367,0.09254299104213715,0.9255431150231009,0.2565,0.112204539392817,0.11839677313689631,0.12401210672257987,0.11620632392457061
18,6,train_open,1.0472519397735596,1.0715234279632568,0.14943724870681763,0.8856940796951208,0.0585,0.11243844574590986,0.1246202421657297,0.1282632744067578,0.1229588207062006
18,7,test_trans,1.6822984218597412,1.700882911682129,0.33185532689094543,0.9595559985608987,0.13375,0.11084818160146452,0.1146172689129033,0.1154237297671705,0.11788457525612536
18,7,train_closed,0.8941665887832642,0.9024403691291809,0.08779285103082657,0.9443200303275175,0.587,0.09305490548160242,0.09257401639185596,0.09453767734839491,0.09846993586300903
18,7,train_open,0.9946828484535217,1.0102020502090454,0.11738722026348114,0.9063044664025245,0.262,0.09847676171994921,0.10095391874529354,0.10615758666549938,0.10419993228906343
18,8,test_trans,1.655040979385376,1.6851955652236938,0.34618648886680603,0.9622541169117123,0.1275,0.11175495481092973,0.12106338417952475,0.12378603595464896,0.11681323522005135
18,8,train_closed,0.887986421585083,0.8971714973449707,0.08481191843748093,0.9476607296074103,0.3595,0.09297371544216683,0.10358273110322197,0.10472669138995194,0.09827379456271298
18,8,train_open,0.9906909465789795,1.0044678449630737,0.1111009418964386,0.905722906793384,0.475,0.09947924910086764,0.10693883466021552,0.10820267129480964,0.11084164258738241
18,9,test_trans,1.7787104845046997,1.8299946784973145,0.39463186264038086,0.9610429820697113,0.075625,0.1266836091336417,0.1360173568696859,0.13421565660576706,0.12600922885174937
18,9,train_closed,0.9278455972671509,0.9414790272712708,0.0940285250544548,0.9314936902852076,0.499,0.09864663303866814,0.11069646740962222,0.10956859466525803,0.09690773178710219
18,9,train_open,1.0074894428253174,1.0275846719741821,0.12891815602779388,0.8894228473059888,0.4515,0.10652953460333475,0.11293209742821192,0.1137977528262781,0.10501922084691398
18,10,test_trans,1.7848103046417236,1.7859899997711182,0.34736138582229614,0.9557440467483248,0.00625,0.1282731624225792,0.14160909568790753,0.1418832972564161,0.13918023556060338
18,10,train_closed,0.9274372458457947,0.9369139671325684,0.090786874294281,0.9229001385911694,0.128,0.10720259414050615,0.11663334571660514,0.12138934623952448,0.1131502500774353
18,10,train_open,1.0472519397735596,1.0674684047698975,0.13439154624938965,0.8832959409805262,0.2585,0.10970973452294851,0.12018269673682039,0.1265540242348499,0.12236689431790346
18,11,test_trans,1.694654107093811,1.7173562049865723,0.3467808663845062,0.9538363556539173,0.034375,0.10595419487425761,0.11130218232382984,0.12410262689967909,0.10960531628031465
18,11,train_closed,0.8757613897323608,0.8849403262138367,0.08410114049911499,0.9521901193404466,0.5025,0.08562618020862263,0.09173327172474272,0.09983320125910124,0.08515244041067979
18,11,train_open,0.9788557291030884,0.9918180704116821,0.11497528851032257,0.9096960795107226,0.2545,0.0935964954854831,0.10041359953996573,0.10504592911799983,0.09520403712370447
18,12,test_trans,1.813283085823059,1.8244788646697998,0.38834676146507263,0.9576241597743085,0.035,0.13335695494730374,0.13421715175247062,0.14172430378541626,0.13706787595300174
18,12,train_closed,0.9096094369888306,0.9183165431022644,0.08551236242055893,0.9325175173549904,0.22,0.10663857141143926,0.1009805791223213,0.10840375893440002,0.1087135578409325
18,12,train_open,1.0056078433990479,1.0208921432495117,0.11984020471572876,0.8830039638923235,0.355,0.11160666786888673,0.10600228903577316,0.11364046272184777,0.11477361924739873
18,13,test_trans,1.673215627670288,1.7008941173553467,0.3353070020675659,0.9747518344307172,0.23625,0.10100757573309273,0.10942586999876719,0.11192284017597297,0.09904794938979612
18,13,train_closed,0.8553956151008606,0.8646627068519592,0.08243446797132492,0.9542047997907355,0.752,0.07407273687637098,0.08371684325859795,0.09001513026492375,0.07632017635777416
18,13,train_open,0.9500644207000732,0.9623181819915771,0.11039992421865463,0.9189902300375887,0.6085,0.08217918405574441,0.08788420526485559,0.0956243268839263,0.08542977581218225
18,14,test_trans,1.7366204261779785,1.7492519617080688,0.36559969186782837,0.9655592773566128,0.074375,0.11210385830569942,0.1297118790141676,0.13086579675674054,0.12346458788377045
18,14,train_closed,0.8659917116165161,0.872859001159668,0.08269606530666351,0.9513226912436114,0.158,0.08859910361717711,0.10421829265304913,0.10594513028371368,0.0975111202995482
18,14,train_open,0.9643107056617737,0.9794568419456482,0.11414208263158798,0.9079742398584231,0.167,0.09700058195068237,0.10818924752849596,0.11213022725560923,0.10338971819942568
18,15,test_trans,1.7249200344085693,1.7624353170394897,0.3808058798313141,0.948281451083512,0.136875,0.10325030430257373,0.11056590469878005,0.11533973253661038,0.11490807075109752
18,15,train_closed,0.8830506801605225,0.8912399411201477,0.08793462067842484,0.9474079445767748,0.418,0.08394127602699625,0.09330422974829672,0.09610324319839106,0.09806918983176463
18,15,train_open,0.9799267053604126,0.9969381093978882,0.12206151336431503,0.9045356222946362,0.5635,0.09397399738606581,0.09811059105106432,0.10329969220523043,0.10188367348159866
19,6,test_trans,1.7695297002792358,1.7996695041656494,0.353223979473114,0.926312077576631,0.0,0.15454807546249738,0.16409755069584508,0.16509126182572936,0.15523252484403888
19,6,train_closed,0.9915434718132019,1.0082803964614868,0.10661426931619644,0.9399921451926284,0.0115,0.13198505626639315,0.13405486883650988,0.13721101905165,0.12634152954998865
19,6,train_open,1.1026298999786377,1.1211092472076416,0.12624384462833405,0.8795291368460726,0.0,0.1270066334355784,0.1408773634435622,0.1461230864767582,0.12808429350240408
19,7,test_trans,1.7724254131317139,1.7922128438949585,0.37318935990333557,0.9232825903202575,0.0,0.1367392225031371,0.15412353640895332,0.15502570462063886,0.1496676160490975
19,7,train_closed,0.9689828157424927,0.9793564677238464,0.0972757562994957,0.9440629777306867,0.0395,0.11534932163712355,0.125596959327874,0.12800902807698877,0.12225799035157556
19,7,train_open,1.0953387022018433,1.1143327951431274,0.13378100097179413,0.903175904173073,0.0,0.11971843898032092,0.1371051217149814,0.131555218426216,0.1246498164538744
19,8,test_trans,1.756605863571167,1.849877119064331,0.46647945046424866,0.8377129758913253,0.07875,0.10659637931772684,0.11306077798945703,0.1210947951694968,0.11359491918918685
19,8,train_closed,0.8443905115127563,0.854239284992218,0.08453303575515747,0.9561473759605091,0.277,0.08410790071921166,0.08935409482215569,0.10017581232097161,0.09020401674362674
19,8,train_open,0.9409116506576538,0.9517149329185486,0.10844722390174866,0.9207495817404993,0.459,0.08762013129775725,0.08821039940141882,0.1009633721846814,0.09203410199177581
19,9,test_trans,1.7915562391281128,1.8090003728866577,0.3349135220050812,0.9468575524496488,0.0,0.15329682867706573,0.16389883547832723,0.17468237254195068,0.15936708442399974
19,9,train_closed,0.9988921880722046,1.0139873027801514,0.10578858852386475,0.9406249947155186,0.1525,0.125319981277381,0.13483991844108162,0.14863980612363004,0.13407463543732606
19,9,train_open,1.094407320022583,1.1172727346420288,0.12642398476600647,0.8656202557614351,0.0035,0.13258923317367555,0.14057171883679576,0.13892733486186418,0.1284479518028478
19,10,test_trans,1.7934255599975586,1.8066024780273438,0.335126131772995,0.9453429018606819,0.0,0.16885060378225894,0.17273636245198593,0.1858469143591623,0.16496957926070827
19,10,train_closed,1.002182960510254,1.0147205591201782,0.10254334658384323,0.9318748852396389,0.0005,0.13463248408808282,0.13937360090169895,0.15251776611876317,0.13560184989208984
19,10,train_open,1.1081652641296387,1.132635235786438,0.13273440301418304,0.8808097718158163,0.046,0.14344803761524194,0.14544746838856137,0.1528273724378984,0.13558777827850213
19,11,test_trans,1.8565857410430908,1.864463210105896,0.3935392200946808,0.8973422450713062,0.005,0.15635177755360735,0.17590882185599355,0.17534317027251958,0.15838888032598805
19,11,train_closed,0.9920135736465454,1.0062106847763062,0.10115082561969757,0.9350570627823231,0.14,0.1301257044886935,0.1463045669791182,0.1468587430905413,0.13131553558772555
19,11,train_open,1.0896846055984497,1.1093624830245972,0.1331489384174347,0.8725026587368423,0.0025,0.13448451944832746,0.15274202428677147,0.15418849095925588,0.13399679307562656
19,12,test_trans,1.8386075496673584,1.844894289970398,0.3608893156051636,0.923708114581024,0.0,0.1619236571347401,0.19375467802496993,0.19025450551196707,0.16592981896457037
19,12,train_closed,1.0085300207138062,1.0198266506195068,0.10037633031606674,0.928146395747337,0.1095,0.13599128778637715,0.15135055500497405,0.1585368734504513,0.1335737735460364
19,12,train_open,1.1150329113006592,1.137852430343628,0.1309604048728943,0.8730540311532133,0.0,0.14000665454948372,0.16390949997470394,0.15842006893544872,0.14275926137107503
19,13,test_trans,1.854356050491333,1.8541064262390137,0.3622504770755768,0.9205741649567856,0.000625,0.159215535648994,0.17403523814199529,0.17526906437325984,0.1594987118517
19,13,train_closed,1.018248438835144,1.0294792652130127,0.10109192132949829,0.929896530313668,0.099,0.13136877513668355,0.14154257708129814,0.142660157970469,0.13071056558791405
19,13,train_open,1.112311840057373,1.1349793672561646,0.1331067681312561,0.8823574969199286,0.0265,0.13782633716601123,0.1472267096984952,0.14452994143889372,0.12737409915210154
19,14,test_trans,1.7697930335998535,1.776761770248413,0.32390692830085754,0.9600693012415635,0.014375,0.16293481080209993,0.18274335213120083,0.177421010303906,0.16438232868396113
19,14,train_closed,0.9847319722175598,0.99696946144104,0.09735065698623657,0.9341926971506684,0.3645,0.12363465769987902,0.14700211237866262,0.14254523144664943,0.1266417064376982
19,14,train_open,1.0724892616271973,1.0911543369293213,0.12013198435306549,0.8722413438939983,0.0055,0.12596629065213827,0.1439280921631157,0.15417841514052155,0.1319876702418481
19,15,test_trans,1.7982120513916016,1.8238606452941895,0.3844377398490906,0.8976206949505457,0.00625,0.13905198019552023,0.16119766357992044,0.15927905860927322,0.13957609757962247
19,15,train_closed,0.955660343170166,0.9693951606750488,0.09880222380161285,0.9325809100246164,0.0455,0.11890763423218476,0.13995439275120566,0.14568648416723268,0.12095093938030808
19,15,train_open,1.082387089729309,1.101073980331421,0.12305641919374466,0.8680905799911453,0.0315,0.12497423412611613,0.14637199100040457,0.14490056910396587,0.12649014669817207
20,6,test_trans,1.738917589187622,1.7857130765914917,0.3498249351978302,0.943857353050354,0.0,0.15310177504897013,0.15877589386766888,0.1561392845595553,0.16628932380674627
20,6,train_closed,1.018391489982605,1.0316977500915527,0.1082955002784729,0.9224360459561114,0.0,0.13410183896298264,0.13610054615808292,0.13061556015531064,0.14065207142739442
20,6,train_open,1.1123905181884766,1.1299582719802856,0.1232813224196434,0.8799188336062687,0.0,0.13865685697090846,0.14605604751002327,0.14393837862197775,0.15068055983916173
20,7,test_trans,1.6726059913635254,1.7125465869903564,0.35029923915863037,0.9432045034102253,0.0,0.1394417097949949,0.1426726618979458,0.14312499705689247,0.14540897826180893
20,7,train_closed,0.9521782398223877,0.9629687070846558,0.08950463682413101,0.9361804723235129,0.0,0.12139649168570749,0.12391899394893527,0.1264749633142332,0.12517860930944125
20,7,train_open,1.0462219715118408,1.0639607906341553,0.1254408210515976,0.8917194891481147,0.0,0.12336908926325474,0.1297142904848455,0.13424901333729825,0.1354810393177518
20,8,test_trans,1.6182777881622314,1.6532161235809326,0.320148766040802,0.9692317129605403,0.0,0.11688519049281333,0.11361134509592222,0.11294543618458087,0.12234389675738916
20,8,train_closed,0.8686121702194214,0.8785822987556458,0.0897212028503418,0.954870608811737,0.012,0.09658308342665238,0.09143366206132164,0.09388827798517271,0.10614433145005109
20,8,train_open,0.9651261568069458,0.9793147444725037,0.10832063108682632,0.9176839355689946,0.0,0.09950312284980328,0.09836431694523498,0.09991491335893586,0.10335772679445873
20,9,test_trans,1.5858495235443115,1.622383713722229,0.3086252212524414,0.9663238290453025,0.165625,0.127173842207339,0.12951303158364602,0.1254350439284675,0.13394744135315656
20,9,train_closed,0.9132857918739319,0.9257109761238098,0.08901941031217575,0.9541046959515054,0.2365,0.11338869511496345,0.10852901487485507,0.11131214614058711,0.11897633641571642
20,9,train_open,1.009223222732544,1.02471125125885,0.1136641651391983,0.907292741704483,0.2325,0.11499137073930857,0.11253532887330309,0.11727038811633382,0.12090644602244854
20,10,test_trans,1.6142394542694092,1.664483666419983,0.3489989936351776,0.9524290120982148,0.005625,0.12043646579049958,0.11598435848124442,0.12201060794670882,0.12848906801373078
20,10,train_closed,0.8748626708984375,0.884194016456604,0.08456578105688095,0.9513925722662565,0.0055,0.10030185812181479,0.0984450674712044,0.10529900013096635,0.11137242606785194
20,10,train_open,0.9706953167915344,0.9827326536178589,0.10819833725690842,0.9136731215678345,0.033,0.10149234921456202,0.0982504355183864,0.1036518491239419,0.11770916172561785
20,11,test_trans,1.6043719053268433,1.6379491090774536,0.3225744664669037,0.9645118235682427,0.17375,0.10857184994735629,0.1094239665974075,0.11265395685988734,0.12244222530569675
20,11,train_closed,0.8529053330421448,0.861635148525238,0.08181974291801453,0.9581190831297748,0.329,0.0892614798641313,0.08712902470478612,0.09064495853109103,0.10261201368474987
20,11,train_open,0.9548978209495544,0.9696333408355713,0.11463836580514908,0.9146399443683336,0.494,0.09522718122985964,0.09306549566390851,0.09608090727041489,0.10498555329806117
20,12,test_trans,1.6297961473464966,1.655173897743225,0.2915393114089966,0.9613239755713581,0.0,0.11699817120967095,0.12578782684832518,0.12562927722466322,0.12811669367541487
20,12,train_closed,0.9135729074478149,0.924619734287262,0.0891677662730217,0.9484135732324963,0.0,0.0994102590565593,0.11304303968661983,0.10691733832595812,0.11369303130641846
20,12,train_open,1.012653112411499,1.026341199874878,0.10728569328784943,0.9089962976609203,0.0,0.10210905634258931,0.10999583092598711,0.11112029390484776,0.11155021426665318
20,13,test_trans,1.742917776107788,1.8027312755584717,0.3711296319961548,0.9396625724584277,0.000625,0.15070697430547883,0.14800642600383182,0.1490956512541262,0.16855529422887017
20,13,train_closed,1.0176186561584473,1.030033826828003,0.10863423347473145,0.9215915818623988,0.099,0.13250705167446583,0.1319447230199518,0.13064423678410797,0.14705384258310356
20,13,train_open,1.0985262393951416,1.1156086921691895,0.12127959728240967,0.8696615209326091,0.0,0.13713070531517632,0.1328842570812227,0.14501311422242813,0.1517007923391402
20,14,test_trans,1.624208688735962,1.6653952598571777,0.3314493000507355,0.9636028859362563,0.156875,0.11801334004075575,0.12404788001107998,0.12064167878099245,0.13216574187864388
20,14,train_closed,0.876227080821991,0.8837864995002747,0.08432403951883316,0.9558028292308179,0.51,0.10226253843890584,0.10372257979708628,0.10378012309954801,0.11016293032444859
20,14,train_open,0.9762327075004578,0.9909512996673584,0.11749086529016495,0.9085138204734529,0.063,0.10577497985817538,0.10152595372883348,0.1059643271885676,0.11392610337459931
20,15,test_trans,1.6604020595550537,1.7136447429656982,0.36428120732307434,0.9672543043836643,0.086875,0.12747412023136673,0.13646197727182358,0.13527966268808655,0.13640573783303783
20,15,train_closed,0.9192007780075073,0.9348715543746948,0.10239127278327942,0.9471965855159635,0.514,0.10580169999393155,0.11258388563379379,0.11196497799967076,0.11440089810483849
20,15,train_open,1.0151820182800293,1.033017873764038,0.11410568654537201,0.9087607212744504,0.3825,0.11190850167073628,0.11471184220649222,0.1155739520180356,0.11455299916657007
var,run,key,median_rmsd,mean_rmsd,std_rmsd,ccc,inversion_ratio,wd_N-CA,wd_CA-C,wd_C-N,wd_CA-CB
2,1,train_both,1.1060070991516113,1.152661919593811,0.23081164062023163,0.9737965169402582,0.65825,0.09712560192539912,0.10355978352022385,0.1070373807314425,0.09995832682081895
3,1,train_both,1.1121022701263428,1.14198637008667,0.18770305812358856,0.9729977463629609,0.452,0.09994638203633452,0.11126566668279313,0.11235733709125484,0.10924483517437979
4,1,train_both,1.063157081604004,1.083730697631836,0.1475762128829956,0.9869985013874779,0.68775,0.09917916130116836,0.10586970145053295,0.11102991451853632,0.10740837621836176
5,1,train_both,1.1515419483184814,1.1768298149108887,0.1660047173500061,0.9869786401196059,0.1495,0.12274035230235922,0.12998337260272688,0.14182634822913626,0.14055894337282962
6,1,train_both,1.1881799697875977,1.2120426893234253,0.1649262011051178,0.9827365755742282,0.0,0.16801489068393843,0.17345699340860782,0.1872530395409195,0.1741021010013162
7,1,train_both,0.9789747595787048,0.9947072267532349,0.12548178434371948,0.9923842463857743,0.474,0.08065419388076547,0.09230219136996005,0.09091977242742669,0.08862409748642777
8,1,train_both,0.9974617958068848,1.013791561126709,0.11596818268299103,0.9910318664370305,0.58225,0.09355623096923471,0.10522953714591451,0.10307191864884274,0.09489643689280639
9,1,train_both,0.9459766149520874,0.9580453634262085,0.11242976784706116,0.9930857067114591,0.62625,0.09115875762208207,0.09308207630603074,0.1002186215105593,0.09086817292896301
10,1,train_both,0.9956783056259155,1.0089540481567383,0.11862238496541977,0.99193043381182,0.4735,0.10080437635623553,0.11331035131466677,0.11826443758377057,0.10721398833609881
11,1,train_both,0.9469925165176392,0.965859055519104,0.12365981936454773,0.9932673806558041,0.18025,0.10038750518240389,0.10357211277384143,0.10913124892314695,0.10052700018672106
12,1,train_both,0.9391758441925049,0.9543997645378113,0.10852230340242386,0.994042092192884,0.61475,0.08357470222170833,0.09451927150469666,0.09375164564983454,0.09279242174327834
13,1,train_both,0.9397960901260376,0.9580703973770142,0.1131422370672226,0.9933513428756562,0.4995,0.09930974950794844,0.10114912842667836,0.10603740151911739,0.10242046111608649
14,1,train_both,0.9919841885566711,1.006907343864441,0.11181313544511795,0.9927691327159458,0.31475,0.11400460001419865,0.1200336314078497,0.12320299379521166,0.11627612164836165
15,1,train_both,0.9070752859115601,0.9214428663253784,0.10720884054899216,0.9941402023056884,0.633,0.09188953129741757,0.09208585942768462,0.1043889605551875,0.09210553374690397
16,1,train_both,0.9414379596710205,0.9549814462661743,0.10870340466499329,0.9940878849201604,0.52625,0.09196130018575588,0.09927832930047456,0.10206836768050911,0.09976929064823187
17,1,train_both,0.9467463493347168,0.9609541893005371,0.10713808238506317,0.9943459852315975,0.24125,0.08702605119379962,0.0980878059601314,0.1058841200089892,0.09874218254358583
18,1,train_both,0.9512597322463989,0.9672377109527588,0.12351427227258682,0.9929603251078362,0.2395,0.09428362127847849,0.09626032972420205,0.10209821650755821,0.10374738822243079
19,1,train_both,1.0593957901000977,1.0721300840377808,0.13132339715957642,0.9909506891812508,0.081,0.1329148525432459,0.1475945334446443,0.14304436229544237,0.13371328181556652
20,1,train_both,0.9335123300552368,0.9463499784469604,0.10973856598138809,0.9945749964919297,0.14025,0.10210749208632212,0.10453755723706756,0.10556073863894068,0.11382160752785087
var,run,key,median_rmsd,mean_rmsd,std_rmsd,ccc,inversion_ratio,wd_N-CA,wd_CA-C,wd_C-N,wd_CA-CB
2,2,train_both,1.1820333003997803,1.229431390762329,0.24475540220737457,0.9654717366913279,0.0,0.1560221960361647,0.1606248180494651,0.1726685634241175,0.16403640007645226
3,2,train_both,1.0846996307373047,1.111584186553955,0.17640157043933868,0.9758660772952342,0.65325,0.0959372584229714,0.10140537567192885,0.1020931201574793,0.10692889298883822
4,2,train_both,1.0730867385864258,1.0961365699768066,0.14640949666500092,0.9881163587117693,0.5975,0.1085342645697869,0.1151674983103289,0.11530713368010284,0.10754482073060984
5,2,train_both,1.1502761840820312,1.1754980087280273,0.1596553474664688,0.9875693097758738,0.00975,0.13961958131620347,0.14526366503176114,0.14392332995318108,0.15465796998353154
6,2,train_both,1.1805779933929443,1.2041062116622925,0.17378754913806915,0.9831690695618883,0.008,0.14655002764817024,0.15856402125133692,0.16724892813135198,0.17179423763815493
7,2,train_both,1.0094252824783325,1.029075026512146,0.13555680215358734,0.9906749125669466,0.484,0.097754100893085,0.10052723795176402,0.11037241630618454,0.10397404865665769
8,2,train_both,1.0248939990997314,1.0409337282180786,0.12198087573051453,0.9912755844234439,0.12425,0.10658400394143944,0.11136890253256718,0.10989452251986569,0.10495253340509587
9,2,train_both,1.0145503282546997,1.031076431274414,0.12929044663906097,0.9914597089948906,0.30975,0.1050838549534536,0.11337074238917794,0.10742657123964885,0.11658204874086187
10,2,train_both,0.9340115785598755,0.9465863704681396,0.1082959920167923,0.9924241023199162,0.535,0.08928117599172056,0.10510162638297019,0.10909797555520928,0.09666347357241309
11,2,train_both,0.9124559164047241,0.9266093969345093,0.11051765829324722,0.9942619763702318,0.7095,0.08757126433076662,0.0861472316137526,0.0882334369291069,0.09106511640420631
12,2,train_both,0.989867091178894,1.0056227445602417,0.1195758804678917,0.9900247713269661,0.2035,0.056791345765000126,0.06174345742080786,0.06332850133018447,0.06205981644560163
13,2,train_both,1.32086980342865,1.3537832498550415,0.201355442404747,0.9776378910612815,0.0,0.25216205731736474,0.2554431823015413,0.2585223286833333,0.26097910201176033
14,2,train_both,0.9641293883323669,0.9796693921089172,0.11649928241968155,0.9937916785550671,0.34725,0.09643469599717092,0.10861460767458753,0.11195288045650963,0.0993344123526207
15,2,train_both,0.8892651796340942,0.9021984934806824,0.10278336703777313,0.9952020799385035,0.536,0.08489230481318662,0.09007611439656688,0.094596685155581,0.09003814705477206
16,2,train_both,0.9536153674125671,0.9688851833343506,0.11761205643415451,0.9933371683928011,0.602,0.10246542665283084,0.1027890103000943,0.10572450345351331,0.10910511800962064
17,2,train_both,0.9396411180496216,0.9546260237693787,0.10947346687316895,0.9937364918380789,0.1185,0.09444371508051248,0.10823684887927312,0.10688061957611542,0.1037879923792081
18,2,train_both,0.9182175397872925,0.9318001866340637,0.11371277272701263,0.9947098839286929,0.45325,0.08443564067987266,0.08640196806938302,0.09379515777400121,0.088361428231592
19,2,train_both,1.0134871006011963,1.0253955125808716,0.12800972163677216,0.993271569115608,0.17225,0.12090543537551965,0.14539544979230118,0.14432613960715918,0.12382055061415626
20,2,train_both,0.9349158406257629,0.9493487477302551,0.1114894449710846,0.9943271963007547,0.49475,0.09059383475217862,0.09712898017022784,0.09605379083064833,0.09865901660293308
var,run,key,median_rmsd,mean_rmsd,std_rmsd,ccc,inversion_ratio,wd_N-CA,wd_CA-C,wd_C-N,wd_CA-CB
2,3,train_both,1.1679480075836182,1.2147549390792847,0.24136315286159515,0.9671094226286613,0.0845,0.13353360617600668,0.14073667824341654,0.15087158244616608,0.14245132157243134
3,3,train_both,1.0736567974090576,1.1017063856124878,0.17413131892681122,0.9777505103406497,0.55075,0.09447365550505044,0.10265656965630851,0.1094333958763955,0.10015137813888698
4,3,train_both,1.2641046047210693,1.2922861576080322,0.182972714304924,0.972925992110563,0.0,0.18405160405046506,0.18190626566482443,0.18852301406911143,0.19701588017226096
5,3,train_both,1.072244644165039,1.1003769636154175,0.17507748305797577,0.9891119985575044,0.213,0.11657054445402826,0.11667869544056535,0.11460540929573818,0.11920699771681333
6,3,train_both,1.1965616941452026,1.2217985391616821,0.17847810685634613,0.9841838720958893,0.0065,0.15634916425244014,0.15842958982988292,0.1656275432388524,0.16362658433207528
7,3,train_both,1.002793312072754,1.0234535932540894,0.1375044286251068,0.9913917097180104,0.39025,0.09520198773587597,0.10201310617509114,0.10963934765927882,0.10020177307142225
8,3,train_both,1.160414457321167,1.1805860996246338,0.14722666144371033,0.9859302470320017,0.0,0.15077656096426312,0.1619478799443419,0.16174920239014995,0.15680248804891536
9,3,train_both,1.0253489017486572,1.04307222366333,0.1276865303516388,0.9904574231948837,0.379,0.11392203249392752,0.11670519187894718,0.11826154385294352,0.12519277847192747
10,3,train_both,0.9677491784095764,0.9813869595527649,0.11725194752216339,0.9923907486647597,0.051,0.09673971129991375,0.111082695861865,0.11325704062672406,0.10616312402408931
11,3,train_both,0.9168521165847778,0.9325211048126221,0.11403975635766983,0.9938094172034035,0.656,0.08326091695663024,0.0825952352237477,0.0819098597439605,0.0885534280046201
12,3,train_both,0.9604959487915039,0.9753073453903198,0.11582573503255844,0.9936283199002991,0.53275,0.09901542472994503,0.10265587711787919,0.1089533882897194,0.09834577084879753
13,3,train_both,0.9201512336730957,0.9382746815681458,0.11280552297830582,0.9943143150328732,0.6705,0.08271393029820992,0.08649183425003808,0.09003948888284315,0.09061389973934185
14,3,train_both,0.9074927568435669,0.9199929237365723,0.10904665291309357,0.9941653154529897,0.488,0.0832723128626664,0.09402512652600024,0.0972889591617971,0.08303349964416376
15,3,train_both,1.1054537296295166,1.1218440532684326,0.13116231560707092,0.986291923651813,0.03525,0.15285330779838996,0.17769056172743128,0.17645634572670155,0.15616000263814261
16,3,train_both,1.077800989151001,1.0992299318313599,0.13780277967453003,0.9896500356241926,0.0,0.1409703078170987,0.14990980971819845,0.15148844579532889,0.1386300543220266
17,3,train_both,0.9366594552993774,0.9489271640777588,0.10687877237796783,0.9941385634805365,0.566,0.08903798176027683,0.09794494683992802,0.09995180483881397,0.0931443871692837
18,3,train_both,0.9372814893722534,0.9513319730758667,0.10972606390714645,0.993967911170727,0.58125,0.09459389192034712,0.09909391756642191,0.09928498908944886,0.09730883388586287
19,3,train_both,0.9492052793502808,0.9626412987709045,0.11169271916151047,0.9945042777147727,0.47125,0.09538883027589501,0.10190654284865494,0.10628098964736024,0.10216754075838834
20,3,train_both,0.9406638145446777,0.9547226428985596,0.10846170783042908,0.9947795086432357,0.0,0.09820585782393736,0.09994377422290145,0.09734134891818033,0.10174738417117286
var,run,key,median_rmsd,mean_rmsd,std_rmsd,ccc,inversion_ratio,wd_N-CA,wd_CA-C,wd_C-N,wd_CA-CB
2,4,train_both,1.1702659130096436,1.2164474725723267,0.23804612457752228,0.9637133188950997,0.0,0.1488011590058848,0.15313374816535513,0.1632226266103473,0.15058680806318828
3,4,train_both,1.1118664741516113,1.1385937929153442,0.1828884482383728,0.974968193009109,0.64925,0.10517380173425515,0.11270978338646462,0.11105534143064918,0.10553960574401883
4,4,train_both,1.0618407726287842,1.083890438079834,0.14756155014038086,0.9866804969022526,0.5,0.10833443563850907,0.10654142650741949,0.11295986242680976,0.11049663563771286
5,4,train_both,1.1081126928329468,1.1392810344696045,0.17170262336730957,0.9873981701696861,0.1275,0.1219276593055542,0.1290821501993888,0.13204153768170115,0.1185433251858884
6,4,train_both,1.1862411499023438,1.2089673280715942,0.16925334930419922,0.9826116986537489,0.0,0.16568284117127824,0.16891570489913704,0.17904633870243014,0.17010412729119606
7,4,train_both,0.9995337128639221,1.0210003852844238,0.1382659524679184,0.9916063255147868,0.44,0.09569792175194086,0.10401685006024841,0.11612061115863542,0.09928498330843694
8,4,train_both,1.043405294418335,1.0612467527389526,0.12270528078079224,0.9900081308095614,0.3325,0.09958850353587101,0.107631409784685,0.10894539305284931,0.10674504581853854
9,4,train_both,1.0274779796600342,1.0424911975860596,0.1242876648902893,0.9917554641805262,0.2365,0.11521657284936553,0.11396322106613496,0.11727480223881298,0.12371146165720302
10,4,train_both,0.9724647402763367,0.9845499396324158,0.11472712457180023,0.9928756167094375,0.327,0.09656183122584777,0.09494315954645595,0.10147023279001562,0.10344429109106187
11,4,train_both,1.0180766582489014,1.031021237373352,0.1171782836318016,0.992621705616385,0.04225,0.12135900590269555,0.13128990825032158,0.12216387909461546,0.12251402805574933
12,4,train_both,0.9565746188163757,0.9704587459564209,0.113405242562294,0.9920287971853523,0.02275,0.05282760151502941,0.054686557083622994,0.05673394124389307,0.05435213114690939
13,4,train_both,1.3274271488189697,1.3614345788955688,0.19598501920700073,0.9775440667913283,0.0,0.24649514218538682,0.24991005665993898,0.24881348317463395,0.2625060270022163
14,4,train_both,0.9425204992294312,0.957597553730011,0.11575452238321304,0.9942779047276707,0.40975,0.09580359120167434,0.10460424051071941,0.11404959452297292,0.10267521840880062
15,4,train_both,0.9587348699569702,0.9748735427856445,0.11447566002607346,0.9927337421804402,0.4335,0.09846881350490407,0.10562190820893491,0.1115136731045297,0.10486977047232983
16,4,train_both,1.0333032608032227,1.051379680633545,0.12968745827674866,0.9903298945712515,0.099,0.13665381063068244,0.1378781326511954,0.15316439441054067,0.14553756790361394
17,4,train_both,0.941871166229248,0.9561450481414795,0.106980100274086,0.9941516369331973,0.00025,0.08925086530606594,0.1033763399602208,0.10046094054601427,0.10138215128976551
18,4,train_both,0.9598283171653748,0.9748052954673767,0.12845751643180847,0.9924571497648476,0.3245,0.09684422878378851,0.09798685320764255,0.1068898913597928,0.10825327584368656
19,4,train_both,1.0339797735214233,1.0482879877090454,0.1169186383485794,0.9932127998019377,0.07575,0.1246831924827872,0.13863679803077772,0.14624295782672525,0.12669790321855023
20,4,train_both,0.9080063700675964,0.9219579696655273,0.11112793534994125,0.9949305041362994,0.03325,0.0855652236574047,0.092076928287118,0.09529938020392276,0.09329133087047556
var,run,key,median_rmsd,mean_rmsd,std_rmsd,ccc,inversion_ratio,wd_N-CA,wd_CA-C,wd_C-N,wd_CA-CB
2,5,train_both,1.1581776142120361,1.2045578956604004,0.23468242585659027,0.9659744696492808,0.16875,0.1262816777594335,0.12666385575908606,0.12575574498946585,0.1349401327671555
3,5,train_both,1.1593844890594482,1.1894451379776,0.19976520538330078,0.9716954723969405,0.17325,0.12867762277560896,0.13315628021029702,0.13574430754976208,0.13835709176044572
4,5,train_both,1.0685153007507324,1.093212366104126,0.14973384141921997,0.9871195867981502,0.5555,0.11091875083865596,0.12184900107567186,0.1230012953960114,0.10952668827725215
5,5,train_both,1.1410183906555176,1.1688889265060425,0.15659503638744354,0.9869014981543334,0.0295,0.13881987027703302,0.16118980487641504,0.16165700909811492,0.14216814889463242
6,5,train_both,1.211276650428772,1.235811471939087,0.1775943487882614,0.981218008033865,0.0,0.18008434620759628,0.18388285231113283,0.19602486959187726,0.17840153391117725
7,5,train_both,1.0130270719528198,1.0329416990280151,0.13546311855316162,0.9911360864781068,0.36625,0.09426424649436227,0.10453817048424197,0.11394931559355229,0.09735096152295701
8,5,train_both,1.0340361595153809,1.0536950826644897,0.1270776093006134,0.9894228396750657,0.01225,0.1023425460940971,0.11457689588964498,0.10521254597909739,0.10189148651855881
9,5,train_both,1.0015430450439453,1.0190871953964233,0.131881445646286,0.99228923757249,0.29375,0.1202282901876851,0.11854408723900181,0.12263754527621752,0.127078861112127
10,5,train_both,0.952055811882019,0.9639947414398193,0.10983072966337204,0.9935469017642543,0.14475,0.09029567614029797,0.10494467611191476,0.10548873965082464,0.09449873012403767
11,5,train_both,0.9773662686347961,0.993720531463623,0.11988016963005066,0.993480724421901,0.259,0.11382680896079721,0.1135731213048901,0.11378577523859257,0.12200834051847122
12,5,train_both,0.9446203708648682,0.9605230689048767,0.11307816207408905,0.9939369016853223,0.49625,0.09090202500795588,0.09937827326659981,0.09944692532793369,0.09695722141526812
13,5,train_both,1.3083914518356323,1.3446085453033447,0.19931282103061676,0.9751674837894323,0.0,0.24328001624857032,0.2458724382224627,0.2532010223117168,0.25611546603393165
14,5,train_both,0.9454836845397949,0.9572298526763916,0.10933271050453186,0.9936257630061138,0.4045,0.09284148637286349,0.10330423005492138,0.1082985406590181,0.09781258589626571
15,5,train_both,0.9112735986709595,0.9254197478294373,0.10747366398572922,0.9940806713588727,0.4315,0.09308644634647205,0.10931523288390887,0.11076654153902504,0.10015934025567566
16,5,train_both,0.9894548654556274,1.0033167600631714,0.11299557983875275,0.9935707737727819,0.3535,0.11080478357346375,0.12683309521445982,0.12621986197743473,0.11684916904298895
17,5,train_both,0.963796854019165,0.9798116683959961,0.10998127609491348,0.9937006580596969,0.40225,0.09212029978828133,0.10130480808347,0.10652357145604355,0.09611506684139492
18,5,train_both,0.9356634616851807,0.9538066387176514,0.12153665721416473,0.9934511472808218,0.442,0.09367382048384143,0.09477412740886204,0.09882740165898157,0.1000042192986991
19,5,train_both,1.0277048349380493,1.0441060066223145,0.13157899677753448,0.9920087590319242,0.177,0.11395967915013985,0.12837088309376754,0.12428899698440701,0.11937899473878172
20,5,train_both,1.0143779516220093,1.0280253887176514,0.118172787129879,0.9928636789792714,0.14475,0.12560299378050416,0.13441010937907094,0.12855265245913025,0.135222779286148
var,run,key,median_rmsd,mean_rmsd,std_rmsd,ccc,inversion_ratio,wd_N-CA,wd_CA-C,wd_C-N,wd_CA-CB
2,6,train_both,1.1761271953582764,1.2250009775161743,0.24163542687892914,0.9690914748709386,0.0,0.153436935411847,0.15926629436646897,0.1704326355964234,0.1533335841314947
3,6,train_both,1.0623893737792969,1.09285569190979,0.18563754856586456,0.9783065203484269,0.59575,0.08463140320993988,0.09435802813696112,0.0966667364356151,0.09351281373669172
4,6,train_both,1.1088486909866333,1.1335092782974243,0.16380392014980316,0.9867435398151465,0.47925,0.10232454936400695,0.11520215822930192,0.11497658756624585,0.10954033905875309
5,6,train_both,1.1400220394134521,1.1694468259811401,0.16882862150669098,0.9838584130665106,0.0,0.14011203130545602,0.14527727492069262,0.14574656670221003,0.15071698781343107
6,6,train_both,1.17691969871521,1.1985543966293335,0.1735263615846634,0.9832233896400152,0.05825,0.17810716927600134,0.18352878764365504,0.20269515970356347,0.18115251794611792
7,6,train_both,1.012163758277893,1.032238483428955,0.1415402740240097,0.9913835764321055,0.52175,0.09315839662222143,0.10289479121551318,0.11039052765091048,0.10023489271417738
8,6,train_both,1.0514724254608154,1.0699228048324585,0.13265372812747955,0.991402225026071,0.19675,0.10131686270630802,0.11005185954265514,0.11529672260375687,0.10495003950250527
9,6,train_both,1.0332186222076416,1.049634575843811,0.12810282409191132,0.9901821871155682,0.285,0.11958520603273723,0.12589925633514953,0.12817806658174385,0.12972325696731454
10,6,train_both,1.0140619277954102,1.0289733409881592,0.12576168775558472,0.9914089182840762,0.1905,0.1134732822045531,0.12377633193092617,0.13387388830712277,0.11256249948461981
11,6,train_both,0.9379029870033264,0.9531399011611938,0.11318421363830566,0.9942786010609925,0.465,0.08950331270428773,0.08866184606515644,0.09357667029298701,0.09370264677320525
12,6,train_both,0.9934223890304565,1.009937047958374,0.12500427663326263,0.9932991506883737,0.35925,0.10210931233822597,0.10533347039407202,0.10720106583559447,0.10439187082673611
13,6,train_both,1.333537220954895,1.3682541847229004,0.21052274107933044,0.977181875727153,0.0,0.26026383026227484,0.2671939209683054,0.25383905584410443,0.25290910800221017
14,6,train_both,1.0091655254364014,1.0237574577331543,0.11543936282396317,0.9917605082351489,0.20925,0.12091456153804706,0.1226870419173299,0.13497942711661837,0.12189359647705582
15,6,train_both,0.9515966176986694,0.9662094712257385,0.11085435003042221,0.9930048263411384,0.53675,0.09193682495013587,0.10453106751463424,0.1106303362882389,0.09341424103538198
16,6,train_both,0.94880610704422,0.9662883281707764,0.11416857689619064,0.9939538542224872,0.594,0.09082203052042062,0.1010377095529055,0.1013906298300782,0.10323550099604564
17,6,train_both,0.9135409593582153,0.9273806214332581,0.10370620340108871,0.994623309933285,0.549,0.0783353934936946,0.08980603176587659,0.09683868779375351,0.08756666831365365
18,6,train_both,0.9927182197570801,1.0122284889221191,0.13770891726016998,0.9916365071029145,0.1575,0.11231921073306746,0.12150645182287274,0.12613632114658796,0.11957330233558684
19,6,train_both,1.0531615018844604,1.064694881439209,0.1297483891248703,0.9917788268246073,0.00575,0.12949464280547857,0.1374613764149649,0.14166461788261203,0.12720992661927183
20,6,train_both,1.0685153007507324,1.0808279514312744,0.12600351870059967,0.9905188413362137,0.0,0.1363583567074458,0.14107778007514948,0.13726954694827503,0.1456600746218987
var,run,key,median_rmsd,mean_rmsd,std_rmsd,ccc,inversion_ratio,wd_N-CA,wd_CA-C,wd_C-N,wd_CA-CB
2,7,train_both,1.1527305841445923,1.1820712089538574,0.19758516550064087,0.9667368616095662,0.64525,0.10151356545268854,0.10606203660442254,0.1057559700743593,0.10550356306647046
3,7,train_both,1.1837823390960693,1.2137099504470825,0.2036474645137787,0.9689253505650064,0.0495,0.14935092207051173,0.15358217362138438,0.15987836719794335,0.168325861577789
4,7,train_both,1.161794662475586,1.1878582239151,0.1668570339679718,0.983639915098687,0.212,0.14099225579873934,0.14143975543726495,0.14250123175044777,0.15117074882209092
5,7,train_both,1.0906200408935547,1.1170274019241333,0.15257366001605988,0.988872770474144,0.18625,0.12048286510581158,0.11582340472546204,0.11728920823650071,0.12934216076842217
6,7,train_both,1.2032396793365479,1.2266221046447754,0.17709007859230042,0.9824617395425891,0.00325,0.1606697107669161,0.17339587507225585,0.18601697405789736,0.1663103095411983
7,7,train_both,1.013458490371704,1.035632610321045,0.1428031027317047,0.9910108996521393,0.2375,0.0959931550427283,0.10346305670469001,0.1069050705699302,0.10391645071693045
8,7,train_both,1.0147225856781006,1.0336976051330566,0.1306838095188141,0.9902875433998773,0.41875,0.10187422438574527,0.10480725247307204,0.10856246245371326,0.10437828163258395
9,7,train_both,0.9466540217399597,0.9606741070747375,0.11836118996143341,0.9920104968306211,0.5745,0.09134841860790077,0.09489497363384929,0.0968175414078742,0.09618682678899398
10,7,train_both,0.9578834772109985,0.9749590158462524,0.11762937903404236,0.9931447917178822,0.57075,0.08689937039822751,0.10361706231709236,0.11017953387466717,0.09713886045702078
11,7,train_both,0.943138599395752,0.9593794941902161,0.12545347213745117,0.9924939989967257,0.3845,0.1011745039297254,0.10450574967854183,0.10441779039731826,0.1039088017949952
12,7,train_both,0.983399510383606,1.001824140548706,0.12783409655094147,0.9923013435591719,0.41325,0.09670568582828182,0.0996065587431012,0.10676385405673328,0.10082726284601634
13,7,train_both,1.3299052715301514,1.3638155460357666,0.21065948903560638,0.9768172868052816,0.0,0.2511022468555919,0.26105836639863594,0.25516978297737947,0.26536082688544027
14,7,train_both,0.9354454874992371,0.9507613778114319,0.11637017875909805,0.9938299384865867,0.43975,0.09282030833605032,0.10345997870376752,0.11292974910392942,0.09415806848827943
15,7,train_both,1.0352752208709717,1.0502290725708008,0.1282672882080078,0.9902875540903123,0.273,0.12595734685329715,0.1355700710552494,0.13293266411709231,0.12819573575004894
16,7,train_both,1.051029086112976,1.0700185298919678,0.1303829699754715,0.9897257163245771,0.1645,0.11982221914455282,0.14120050664888847,0.13796196068298505,0.127384439534632
17,7,train_both,0.9530652165412903,0.9666057229042053,0.11345155537128448,0.9941456077948252,0.18525,0.09549476983483454,0.11091480812330654,0.11781013572282253,0.10672105321218907
18,7,train_both,0.9416854977607727,0.9563212394714355,0.1168196052312851,0.9938082799934727,0.4245,0.09575450993859523,0.09676335677072759,0.10034757383527462,0.10133282591800392
19,7,train_both,1.0342333316802979,1.0468446016311646,0.13503560423851013,0.9930273231672255,0.01975,0.11752906062586117,0.1313481268352515,0.12978175443104772,0.12344545303813884
20,7,train_both,0.9995920062065125,1.0134646892547607,0.12009617686271667,0.9928581863480626,0.0,0.1223789909394368,0.12681375224040542,0.13035945947129923,0.13032708711471752
var,run,key,median_rmsd,mean_rmsd,std_rmsd,ccc,inversion_ratio,wd_N-CA,wd_CA-C,wd_C-N,wd_CA-CB
2,8,train_both,1.1369508504867554,1.16567063331604,0.19477251172065735,0.9698349998366489,0.68725,0.09645721252034144,0.10035780143972663,0.09988220448570677,0.10156632895120231
3,8,train_both,1.1993588209152222,1.2273576259613037,0.20066766440868378,0.9688045118387772,0.013,0.1715304170448922,0.16779459405908656,0.17827977468157097,0.17376680231606717
4,8,train_both,1.0812828540802002,1.1042664051055908,0.15880084037780762,0.9862869428355429,0.5535,0.11182396470747663,0.11612927119878862,0.11465651831867552,0.11066414273222915
5,8,train_both,1.0576064586639404,1.0798261165618896,0.14499959349632263,0.9899000100921532,0.605,0.10169538171955926,0.10925250088558618,0.11236119951991524,0.11328692129175064
6,8,train_both,1.1882290840148926,1.2121814489364624,0.17278531193733215,0.9832607509646778,0.0,0.16085267285266536,0.16687147417078058,0.17470618091458073,0.16045049637760156
7,8,train_both,1.1999175548553467,1.2222545146942139,0.18424570560455322,0.982596225975942,0.0,0.15425293365449927,0.16877037552554897,0.1639387959990939,0.1746930537039943
8,8,train_both,1.0409449338912964,1.0604865550994873,0.12923933565616608,0.990854390837593,0.0,0.10774891035427568,0.11172733403969058,0.11348555715820861,0.1078295528091474
9,8,train_both,0.9541652202606201,0.965972363948822,0.11086094379425049,0.9935955043063895,0.566,0.10771759009934978,0.10459717613684548,0.10493821171017514,0.11067096634753402
10,8,train_both,0.9562699198722839,0.9701536893844604,0.12800340354442596,0.9931589750178025,0.62475,0.08224815963549661,0.09560679546596154,0.09503231164105157,0.09000120559614164
11,8,train_both,0.9495735764503479,0.9652514457702637,0.12244412302970886,0.9937846026515768,0.3835,0.10375798953815593,0.09916496636383482,0.10169215309923643,0.11312314903941625
12,8,train_both,0.9947707653045654,1.0092471837997437,0.11892189830541611,0.9920336669482991,0.2735,0.09706774884105167,0.09843206518111881,0.103491706414131,0.10178465740119935
13,8,train_both,1.3434422016143799,1.3741341829299927,0.21141976118087769,0.9767123643478284,0.0,0.26218273505404216,0.2709936369616515,0.2529719800354815,0.2669639847833122
14,8,train_both,0.9530040621757507,0.9667168259620667,0.11290998011827469,0.9932450138418711,0.4355,0.0969450998724583,0.10829894610848137,0.10990153161342767,0.10286066834500963
15,8,train_both,0.9336995482444763,0.9500480890274048,0.11000911891460419,0.9925588629441577,0.48825,0.08968573158098377,0.10046494544825121,0.10264759663817982,0.09433400414422415
16,8,train_both,1.069496512413025,1.0917493104934692,0.14184004068374634,0.9893555250727213,0.00875,0.13146341320439275,0.1430879267876885,0.13578655583560556,0.13772142741726892
17,8,train_both,0.9359748363494873,0.9502832889556885,0.11393913626670837,0.9939545353687547,0.375,0.08984496012296386,0.09816194405992347,0.10158971807956177,0.0973607527331194
18,8,train_both,0.938151478767395,0.950819730758667,0.1124560534954071,0.9935239046972718,0.41725,0.09622637715756707,0.10525906195172727,0.10646425534921525,0.10455200967009667
19,8,train_both,0.8899202346801758,0.9029770493507385,0.1087597906589508,0.9951590619842673,0.368,0.08586319422287952,0.08878214692565432,0.10056933301090012,0.09110220390007431
20,8,train_both,0.9170109629631042,0.9289484620094299,0.1114826649427414,0.9949120275116664,0.006,0.09803995635056147,0.09489782168775002,0.0969015821271722,0.10475098065857413
var,run,key,median_rmsd,mean_rmsd,std_rmsd,ccc,inversion_ratio,wd_N-CA,wd_CA-C,wd_C-N,wd_CA-CB
2,9,train_both,1.1287460327148438,1.1584755182266235,0.19351811707019806,0.9692810443471962,0.66275,0.09562902049713456,0.10092060698648961,0.10095816074033204,0.09845130706580363
3,9,train_both,1.175705909729004,1.2026379108428955,0.19805122911930084,0.971264601248751,0.0,0.13625807304306128,0.1488905040925621,0.1504931315057096,0.14606488278654559
4,9,train_both,1.0406930446624756,1.0630879402160645,0.14491890370845795,0.9883906196075286,0.63625,0.08860816850481684,0.09791862445288849,0.10384753154226732,0.08964705854332466
5,9,train_both,1.0720000267028809,1.0948351621627808,0.14803119003772736,0.9890030855657206,0.47375,0.1104665620643261,0.11415467480267469,0.1276347748809023,0.11791035298813096
6,9,train_both,1.1712862253189087,1.1937751770019531,0.1640971451997757,0.9843840507740639,0.0995,0.15663583873722964,0.1667537151360261,0.17164070353683103,0.15072338639426797
7,9,train_both,1.0124804973602295,1.031920313835144,0.1352384239435196,0.9919349150501099,0.27875,0.09952778200582255,0.10378771086945046,0.1058669843910253,0.10554089212715324
8,9,train_both,0.95709228515625,0.9736378788948059,0.11780284345149994,0.9924233085486088,0.565,0.08285947918381283,0.08791161522124334,0.09004076639425714,0.08595219411400448
9,9,train_both,0.9776941537857056,0.9916602373123169,0.11804370582103729,0.9922583207405536,0.4375,0.09405789842268188,0.1013955043900665,0.10061853973578605,0.09905752030355608
10,9,train_both,0.985293984413147,1.0032825469970703,0.1277933567762375,0.9935036992390627,0.53075,0.09146725913741183,0.09974348308117856,0.10105583044345309,0.09623306544011088
11,9,train_both,0.9275628924369812,0.9432593584060669,0.11252021789550781,0.9946833121887726,0.274,0.08952797290618864,0.08913351564185626,0.0940183560057638,0.09150452652989292
12,9,train_both,0.9551419019699097,0.9710083603858948,0.11536556482315063,0.9927169255847882,0.5905,0.09411717527628255,0.09103929654213028,0.09119282825746557,0.09409787649625169
13,9,train_both,0.9484068155288696,0.9652761220932007,0.11910419911146164,0.9939582414635882,0.3505,0.09786255319723416,0.09632767586673466,0.09795964208778438,0.10330069690805757
14,9,train_both,0.9385862350463867,0.954229474067688,0.12188238650560379,0.9934789158940198,0.35275,0.08867672387574464,0.1030506626513171,0.10966501594462998,0.09553422895834894
15,9,train_both,0.9097055196762085,0.9237807393074036,0.10635170340538025,0.9942752328430988,0.47475,0.08265216483185993,0.09121158863928008,0.09640138731749909,0.09249385662792581
16,9,train_both,1.0568348169326782,1.074123740196228,0.1340406984090805,0.9874142765114697,0.286,0.1287071919883314,0.12696138910050725,0.13096964078552922,0.12928400902162004
17,9,train_both,0.9232808947563171,0.9379720687866211,0.10805022716522217,0.9944873141122123,0.60075,0.08327336847949213,0.09465660149762203,0.09516248995517679,0.09010136593679333
18,9,train_both,0.9666948318481445,0.9845318794250488,0.12076495587825775,0.9917638533129182,0.47525,0.10258322265358039,0.11181291291804756,0.11168173835122383,0.10096271010905841
19,9,train_both,1.0515832901000977,1.0656299591064453,0.12749157845973969,0.9918655538853625,0.078,0.12894535246961986,0.1377003651197395,0.14377230979870026,0.1312604579691228
20,9,train_both,0.9607992172241211,0.9752112030982971,0.11345598846673965,0.9946420051809897,0.2345,0.11418780218211408,0.11053125017690446,0.11428120609436497,0.11994123295148466
var,run,key,median_rmsd,mean_rmsd,std_rmsd,ccc,inversion_ratio,wd_N-CA,wd_CA-C,wd_C-N,wd_CA-CB
2,10,train_both,1.155003309249878,1.2065722942352295,0.2518966794013977,0.9695772853236563,0.2395,0.1317296732723272,0.14550752506039408,0.15037914292076432,0.1407186408899255
3,10,train_both,1.0763130187988281,1.1136629581451416,0.20482616126537323,0.976851797726798,0.69075,0.09531839808805909,0.09745027142785315,0.11146435347425032,0.09770924730449718
4,10,train_both,1.0720815658569336,1.0940395593643188,0.1494269073009491,0.9880347967348331,0.566,0.11346204824838144,0.11035392782913234,0.1118191924263648,0.11294401757522342
5,10,train_both,1.1289783716201782,1.1553171873092651,0.1558227241039276,0.9870137105527738,0.0035,0.13299489992608057,0.1414273643946612,0.14804820099025073,0.1438359138495209
6,10,train_both,1.0418962240219116,1.0613669157028198,0.13552214205265045,0.9890894049811769,0.53025,0.10345967660791477,0.12483112210950041,0.12948202423538613,0.11660159314536406
7,10,train_both,1.025007724761963,1.0479917526245117,0.14212113618850708,0.9908129151944358,0.458,0.10402179672356773,0.1115737942904831,0.11755627983426578,0.11283585393361711
8,10,train_both,1.028979778289795,1.045576572418213,0.13166987895965576,0.9915500726417271,0.46525,0.09351567428693743,0.10354306580281414,0.103785532237569,0.10183888812761469
9,10,train_both,1.009627342224121,1.0259836912155151,0.1190127432346344,0.9923663464764788,0.331,0.10824939477604827,0.109802341519951,0.11278299935947933,0.11380964547932435
10,10,train_both,0.9895726442337036,1.0050503015518188,0.12268396466970444,0.9924293790103847,0.414,0.0953641562151766,0.10483888611459181,0.11220680331719873,0.10551111563325154
11,10,train_both,0.9474539756774902,0.9630817770957947,0.11705656349658966,0.993531986337243,0.23925,0.11319636082766024,0.09521224734008962,0.10404059807592236,0.11621146811410711
12,10,train_both,0.9761730432510376,0.9966146349906921,0.1319359540939331,0.9923828238110606,0.47225,0.09856138522498047,0.09628065615991298,0.10341321924144234,0.09699834108519712
13,10,train_both,0.9442501664161682,0.9602469205856323,0.11652073264122009,0.9940298125481086,0.6405,0.05309169065331705,0.05527841303255452,0.058301363086028866,0.04995470193567069
14,10,train_both,1.0642802715301514,1.0805376768112183,0.11662672460079193,0.9903433076731393,0.0895,0.13077554089660193,0.137322405089963,0.14732274171207183,0.1308922524732358
15,10,train_both,0.903825044631958,0.9149852395057678,0.10692243278026581,0.9952646197233441,0.62225,0.0794945120169552,0.09526726971393831,0.09914814367593883,0.0896145379439897
16,10,train_both,0.9256762266159058,0.9424765706062317,0.10932719707489014,0.9946392791012287,0.5835,0.09336400749222373,0.10817014660127891,0.11379820621921469,0.10442259762134465
17,10,train_both,0.9529429078102112,0.9694072008132935,0.10669807344675064,0.9938306510806556,0.5115,0.093193607294511,0.10542712070963402,0.10645973198238004,0.10034354719370188
18,10,train_both,0.9821542501449585,1.002191185951233,0.1319575160741806,0.9903576746448508,0.19325,0.10845279695299924,0.11840338805974271,0.12395791124616999,0.11774058479519897
19,10,train_both,1.0595057010650635,1.0736780166625977,0.13244906067848206,0.9919218849059461,0.02325,0.139036786379755,0.14241049603018605,0.15267248730020758,0.13559462257512203
20,10,train_both,0.9205628037452698,0.9334633946418762,0.10888800024986267,0.9947433954752135,0.01925,0.1008967782982991,0.09834683252497664,0.10447048160961489,0.11454023223390959
var,run,key,median_rmsd,mean_rmsd,std_rmsd,ccc,inversion_ratio,wd_N-CA,wd_CA-C,wd_C-N,wd_CA-CB
2,11,train_both,1.1266014575958252,1.1623544692993164,0.2010851353406906,0.9710085747179702,0.431,0.10390326018625483,0.11263558244034323,0.11385870303881765,0.10715291874882044
3,11,train_both,1.13592529296875,1.164056658744812,0.19395031034946442,0.9760326374951112,0.0,0.12131633308201657,0.12431962815987563,0.13601362044615417,0.12809269129306605
4,11,train_both,1.1030261516571045,1.127931833267212,0.15426741540431976,0.9874166835330126,0.40125,0.11195684129470268,0.11212354803928834,0.11896432223967307,0.11287457822920101
5,11,train_both,1.0755006074905396,1.1016873121261597,0.1519336998462677,0.9893936037038733,0.0855,0.11040635447045136,0.11105315101206784,0.1097989917693002,0.11384188355761635
6,11,train_both,1.0112133026123047,1.0284348726272583,0.12945692241191864,0.9919911103216753,0.45925,0.09263062698116148,0.10235447535361215,0.10660735431811215,0.1011846439976441
7,11,train_both,1.1704400777816772,1.192903995513916,0.15794582664966583,0.9837423730761892,0.0,0.1567082626061253,0.15841449725677326,0.16300551554401338,0.16467746536885058
8,11,train_both,1.0617859363555908,1.0817500352859497,0.12996383011341095,0.9886029123597442,0.01025,0.13728670372314375,0.14345088382312515,0.14034389157273264,0.1348335793996346
9,11,train_both,1.0228736400604248,1.0397270917892456,0.12860891222953796,0.9913850089472122,0.2985,0.12438915491974502,0.12016785024399766,0.1294466226659502,0.13130781435577057
10,11,train_both,1.0269957780838013,1.0469167232513428,0.13909684121608734,0.9921443698903472,0.19125,0.11403833524574201,0.12409729211176468,0.12958008946552924,0.1240092363197179
11,11,train_both,0.9446203708648682,0.9595986604690552,0.11030518263578415,0.9939427122278621,0.37825,0.10503088715765423,0.10627809712919901,0.10442667787235407,0.10304834171790415
12,11,train_both,0.9489903450012207,0.9644293189048767,0.1218273863196373,0.9935842370399928,0.6,0.08837259126702651,0.09108925712165725,0.09116875288297153,0.09274521386951806
13,11,train_both,0.9760834574699402,0.9984729290008545,0.14081339538097382,0.9923847583075224,0.378,0.11111798283660629,0.11338480598938985,0.11556417427546076,0.11974203912682507
14,11,train_both,0.9592210054397583,0.9729289412498474,0.11246230453252792,0.9935499859730438,0.45375,0.0933685776556775,0.1044424378643457,0.1107545783661216,0.10113151746425754
15,11,train_both,0.9361305236816406,0.9505948424339294,0.11214998364448547,0.9931023323784941,0.49475,0.08666183364375143,0.09344206052041643,0.10211547566114706,0.09086287986640104
16,11,train_both,1.014406681060791,1.0304385423660278,0.12569913268089294,0.9923469060125283,0.265,0.11773687520403286,0.12165592310513687,0.12427611898770133,0.13096202202939827
17,11,train_both,0.8927642107009888,0.9046224355697632,0.10248402506113052,0.9939558421049485,0.64575,0.07562963224612447,0.0820839378846728,0.08664876593141857,0.08166929787705163
18,11,train_both,0.92482590675354,0.938379168510437,0.1140257716178894,0.9941259192936206,0.3785,0.0896087778504741,0.09606942706245675,0.10243772358138016,0.09016209232504081
19,11,train_both,1.0423715114593506,1.0577865839004517,0.12899664044380188,0.992206436289895,0.07125,0.13229692961650646,0.1495175650038412,0.15052159421263628,0.13259387898271546
20,11,train_both,0.9003689885139465,0.915634274482727,0.11328775435686111,0.9951168793453203,0.4115,0.09224390127789023,0.0900965836762665,0.09335107745570262,0.10379520024167808
var,run,key,median_rmsd,mean_rmsd,std_rmsd,ccc,inversion_ratio,wd_N-CA,wd_CA-C,wd_C-N,wd_CA-CB
2,12,train_both,1.1119976043701172,1.1414884328842163,0.1905377358198166,0.9710948333731152,0.637,0.09092689332516041,0.09609447714118216,0.09332531028135832,0.09228691504297004
3,12,train_both,1.1625468730926514,1.1920431852340698,0.19654980301856995,0.9745365439011693,0.089,0.1365056094370048,0.13954089392172672,0.14568589995158931,0.14288557700880375
4,12,train_both,1.0962427854537964,1.1194922924041748,0.1504248082637787,0.986444803509313,0.569,0.10554023252085745,0.11264853896822973,0.11006317212004131,0.10679868019576795
5,12,train_both,1.094487190246582,1.119016408920288,0.14936400949954987,0.9886691021523659,0.022,0.12361057302111117,0.13806124288323654,0.13000795030096599,0.1276760492491907
6,12,train_both,1.1797633171081543,1.2025870084762573,0.17000438272953033,0.9829867205774241,0.0125,0.1479067333492386,0.16774171075578237,0.17854228516055226,0.15986143666460778
7,12,train_both,0.998308539390564,1.0191078186035156,0.13646401464939117,0.9927325955653913,0.5225,0.08807260834839137,0.09765773129667789,0.10671443422415094,0.09707979462872401
8,12,train_both,0.9477307200431824,0.9619816541671753,0.11046623438596725,0.9933433925268796,0.65825,0.0747981040670922,0.08593592160481545,0.0841724591821758,0.08505789476730187
9,12,train_both,1.0376367568969727,1.054227352142334,0.13230685889720917,0.9909980481557386,0.0355,0.12971546463896816,0.13399921870570897,0.14438261032601352,0.14347143161803083
10,12,train_both,1.049752950668335,1.0662038326263428,0.1331048458814621,0.9920441822045609,0.00125,0.11169830682238632,0.12339921578425633,0.129800078508786,0.12916126551275478
11,12,train_both,0.9586740732192993,0.9748713970184326,0.1175255998969078,0.9926316293617307,0.06475,0.11347138790435893,0.10730993468584635,0.10750876753410732,0.11080346511099812
12,12,train_both,1.0168452262878418,1.0327754020690918,0.12283769249916077,0.9922130851213918,0.27,0.11149177227378561,0.11400278781435412,0.12112834541020492,0.11345747431722138
13,12,train_both,0.9104418754577637,0.9258762001991272,0.11316612362861633,0.9937743809406887,0.41725,0.04317243069303764,0.04640332386968342,0.044860639088248805,0.04261378493307335
14,12,train_both,0.9226810932159424,0.9363875985145569,0.11152680218219757,0.9935540406455856,0.46925,0.08966463633996656,0.09542899032454995,0.10522285160225824,0.09217857025875258
15,12,train_both,0.9431386590003967,0.9566439390182495,0.11188352853059769,0.9933392233723969,0.4975,0.09326380995256088,0.10171750683418444,0.10581529638477506,0.09412118943701842
16,12,train_both,1.0332751274108887,1.0513418912887573,0.12367812544107437,0.9906310152565546,0.0195,0.12935594053175162,0.1397789205221515,0.14553562669630318,0.13399495140469211
17,12,train_both,0.9568791389465332,0.972415566444397,0.10925108194351196,0.9939141136650794,0.17775,0.09884872415839972,0.11054469657254594,0.11457900339089044,0.10693427739933065
18,12,train_both,0.9528818130493164,0.9696043133735657,0.11604936420917511,0.9924934001516883,0.2875,0.10912246745122788,0.10348622059620907,0.11098579550415073,0.11174250985518729
19,12,train_both,1.0640337467193604,1.0788395404815674,0.13074991106987,0.9914897691493875,0.05475,0.13798709155890637,0.1576288454588078,0.15847797509009431,0.13814992967553852
20,12,train_both,0.9618903398513794,0.9754804968833923,0.11098363995552063,0.9939654946395432,0.0,0.10075963141433511,0.11150890724937637,0.10901555130338515,0.11258310193225965
var,run,key,median_rmsd,mean_rmsd,std_rmsd,ccc,inversion_ratio,wd_N-CA,wd_CA-C,wd_C-N,wd_CA-CB
2,13,train_both,1.1577749252319336,1.2019777297973633,0.2323070913553238,0.9713509081606561,0.0,0.12110969142121365,0.12665758161991836,0.135125029261634,0.12143741589981674
3,13,train_both,1.07091224193573,1.0992382764816284,0.177946537733078,0.9781775092957931,0.595,0.09458181049875936,0.10400580867146303,0.10296540627810348,0.10557278797984775
4,13,train_both,1.1005667448043823,1.1232924461364746,0.14528927206993103,0.9875211451798107,0.4405,0.11871844745146051,0.11366111907889752,0.11278193005909198,0.11264018817386713
5,13,train_both,1.108401894569397,1.133110523223877,0.1519896239042282,0.985304857686901,0.0005,0.1330740402352824,0.139832314846023,0.13913415222571374,0.1423181569519681
6,13,train_both,1.1803312301635742,1.2037150859832764,0.1647375077009201,0.9842641523969048,0.0,0.1569047317928774,0.17437524748815206,0.17698623195983057,0.15823144446963677
7,13,train_both,1.0148375034332275,1.035040259361267,0.14087629318237305,0.9908560701529275,0.23425,0.10207724533823381,0.10630501892174946,0.11052223617728772,0.10786460878501085
8,13,train_both,1.0144354104995728,1.0326472520828247,0.12388106435537338,0.9912228124987652,0.464,0.09286535585822556,0.10178649862288788,0.10198739577335991,0.09593630834836857
9,13,train_both,0.9883646965026855,1.002231240272522,0.11803480982780457,0.9930364229480513,0.514,0.10174857449391306,0.09974695747808153,0.10305333818402984,0.10778190237499549
10,13,train_both,1.0712931156158447,1.0907561779022217,0.12955281138420105,0.9903246950856732,0.0,0.13341589679493981,0.13778828537124005,0.14532500028830667,0.14394530456453575
11,13,train_both,0.9590690732002258,0.976866602897644,0.12946577370166779,0.9937958363098666,0.00025,0.10905145134562022,0.1118379120994401,0.11699413369883736,0.11429325812833593
12,13,train_both,0.9682307839393616,0.9845544695854187,0.1135130375623703,0.9931864306090803,0.4585,0.09148107757177254,0.09638656565615189,0.10133000318920504,0.09522607207183803
13,13,train_both,0.9244793057441711,0.9408788681030273,0.11278589069843292,0.9933887322925228,0.27475,0.04883211790163337,0.05959218546911839,0.05825567611178748,0.052430140369935374
14,13,train_both,0.922207236289978,0.9355684518814087,0.11348166316747665,0.992308795651863,0.50775,0.07704296737675742,0.09446674045841102,0.0963716316777239,0.08361444082554509
15,13,train_both,0.9531569480895996,0.9674902558326721,0.11585265398025513,0.9932901452161715,0.35125,0.1025423942051266,0.10795440267236979,0.1119712368925743,0.10641626382308075
16,13,train_both,1.0211915969848633,1.0403499603271484,0.13255693018436432,0.9903429505462719,0.0,0.11861974559788267,0.1360652121743973,0.14203115009286635,0.13675569676088936
17,13,train_both,0.9189788699150085,0.9313400983810425,0.10204452276229858,0.9942900461786284,0.4735,0.08145987228453333,0.09299439292561351,0.10198978483896495,0.09380559921760104
18,13,train_both,0.9009189605712891,0.9134904742240906,0.1089768037199974,0.9947843202656145,0.68025,0.07812395591479762,0.08580050753232615,0.09281323825090354,0.08086770785030375
19,13,train_both,1.0658669471740723,1.0822292566299438,0.12942586839199066,0.991740666935953,0.06275,0.13459747718214932,0.14438037517630184,0.1435930748420315,0.12903753875653445
20,13,train_both,1.059643268585205,1.0728212594985962,0.12282439321279526,0.9913374360637117,0.0495,0.1348188738835766,0.13239156376503125,0.1378280868357659,0.14937597143690412
var,run,key,median_rmsd,mean_rmsd,std_rmsd,ccc,inversion_ratio,wd_N-CA,wd_CA-C,wd_C-N,wd_CA-CB
2,14,train_both,1.1823291778564453,1.2175320386886597,0.23052096366882324,0.9630684651108898,0.0,0.15154287181752024,0.1525916154279035,0.15299286918143037,0.1508530879631469
3,14,train_both,1.0708034038543701,1.099127173423767,0.1776008903980255,0.9787244841275579,0.70825,0.0896480592126433,0.09485873132563903,0.10195752090371175,0.0981851057920097
4,14,train_both,1.0986058712005615,1.1206830739974976,0.14996148645877838,0.9860543258442198,0.53775,0.12383297136144239,0.12152825310789656,0.11897542606752558,0.12163880429739227
5,14,train_both,1.1146931648254395,1.1384880542755127,0.15212707221508026,0.9871241253621963,0.0215,0.13228969913964037,0.13887412495480833,0.1471069879910967,0.1366552391766481
6,14,train_both,1.2193562984466553,1.2436292171478271,0.1848771572113037,0.9808813790270733,0.0,0.16228335071744493,0.18637676754759633,0.1816394716213049,0.1764054231001815
7,14,train_both,0.9987462759017944,1.0195565223693848,0.1366976648569107,0.9916864736396458,0.446,0.09527465795461323,0.0949837365765337,0.09412709425340635,0.09899256924119418
8,14,train_both,1.0218474864959717,1.0356085300445557,0.12509708106517792,0.991410683439018,0.35525,0.10088566980906512,0.10531153451353838,0.10798116353751844,0.10502807613206969
9,14,train_both,0.9913671612739563,1.0039981603622437,0.11481782048940659,0.9927971993852307,0.5285,0.09545324089557565,0.0981493578041421,0.10409940107892178,0.09514939844877154
10,14,train_both,1.0736839771270752,1.0924147367477417,0.13779695332050323,0.9909925133689645,0.00075,0.13194693754777076,0.12442534223447817,0.12310828679543924,0.13892121009419783
11,14,train_both,0.9208160042762756,0.9363819360733032,0.11639949679374695,0.9947188640229987,0.37725,0.09104424699853672,0.08261588985363794,0.08880373455318336,0.09591152594891618
12,14,train_both,0.9669057726860046,0.9839255213737488,0.11394891887903214,0.9932044484004836,0.38775,0.09327124762484795,0.09456191195510084,0.10322309373868546,0.09942264871967378
13,14,train_both,0.9612843990325928,0.984327495098114,0.13475891947746277,0.9930650451817089,0.51225,0.10259707352843417,0.10249882389544523,0.1046358986632009,0.10983369960171424
14,14,train_both,0.9679900407791138,0.9821826219558716,0.1193767711520195,0.9934003347297822,0.35125,0.0983425838650381,0.11417918888064321,0.12023781896713231,0.10222297072819703
15,14,train_both,0.9134771823883057,0.9270852208137512,0.10603175312280655,0.9946266886914205,0.3835,0.08825055703063,0.09814097335658434,0.10853878835602393,0.09648636713576142
16,14,train_both,1.006129264831543,1.0238046646118164,0.11643783748149872,0.9925839270499435,0.446,0.10757244423327618,0.11238798513143271,0.11629186229126694,0.11890050132337125
17,14,train_both,1.0351908206939697,1.0535848140716553,0.12261184304952621,0.9912389452487863,0.0,0.12344730380228204,0.13003277657356627,0.13161575162391947,0.13443711082340773
18,14,train_both,0.9120087027549744,0.9261579513549805,0.11302345991134644,0.9929396518488139,0.1625,0.09279135402804337,0.10619680771381694,0.10903115721070863,0.1004504192176576
19,14,train_both,1.029687523841858,1.0440618991851807,0.11904669553041458,0.9919137489017165,0.185,0.1247898579028433,0.1454643076527269,0.1483592605213422,0.12931429643713185
20,14,train_both,0.9246053695678711,0.9373688697814941,0.11544869095087051,0.9947541851987131,0.2865,0.10401407421186779,0.10261849968963957,0.10487104322414405,0.11203410139561906
var,run,key,median_rmsd,mean_rmsd,std_rmsd,ccc,inversion_ratio,wd_N-CA,wd_CA-C,wd_C-N,wd_CA-CB
2,15,train_both,1.146622657775879,1.195068120956421,0.24918736517429352,0.9687212132139071,0.0,0.12597397388693468,0.134777283255531,0.13786084964431372,0.13137134391093813
3,15,train_both,1.1793186664581299,1.2103462219238281,0.20204538106918335,0.9694242171976638,0.0,0.139784383363084,0.14640668425173894,0.16233654883318901,0.1483377824191483
4,15,train_both,1.1012812852859497,1.12477707862854,0.15410692989826202,0.9846799444191328,0.544,0.11184443906450849,0.10813278801263118,0.11016338418501014,0.10929056685774009
5,15,train_both,1.1580266952514648,1.1926647424697876,0.18224559724330902,0.9812577402922283,0.09475,0.15156516893045524,0.16001055397174296,0.15905747863870762,0.16209901398261753
6,15,train_both,1.1905072927474976,1.2134047746658325,0.16860930621623993,0.9838174570833442,0.01,0.16748832634539984,0.180798252834433,0.17885978555967502,0.17686818857124115
7,15,train_both,1.156641960144043,1.1837433576583862,0.1690806746482849,0.9867956272802112,0.00525,0.1510456391474238,0.1595525976531802,0.1543141743762977,0.15829720088954047
8,15,train_both,1.0270241498947144,1.0456169843673706,0.12393366545438766,0.9893587495107005,0.09225,0.11344484535886883,0.1179789145626896,0.12126808113327746,0.11349113924857655
9,15,train_both,1.0023863315582275,1.0174249410629272,0.11761851608753204,0.9924890025781598,0.27725,0.10106821617930795,0.10965967634687243,0.11519957852785684,0.10678249243262149
10,15,train_both,1.0599181652069092,1.0794216394424438,0.13909085094928741,0.9906215984154492,0.127,0.1352954268449284,0.138351029940664,0.14987975561312492,0.14076806958104193
11,15,train_both,0.9475462436676025,0.9616360664367676,0.11595221608877182,0.9938655281402242,0.3405,0.10383748673642318,0.10007444710821545,0.10697496484163618,0.10789094795327948
12,15,train_both,0.941778302192688,0.9581437706947327,0.11525057256221771,0.9943902091017953,0.455,0.0883178687307907,0.08593741321510871,0.08875597372250812,0.0898864494973057
13,15,train_both,0.9839030504226685,1.0052077770233154,0.13500753045082092,0.9913863821496444,0.34425,0.11357707764025024,0.11927620077744415,0.12408454935210378,0.12359875442205887
14,15,train_both,0.9419329762458801,0.9539723992347717,0.1125396192073822,0.9940967870738072,0.3825,0.0900273960424881,0.09442442683168017,0.09970054767367117,0.09420751640596617
15,15,train_both,0.9160254001617432,0.9294858574867249,0.10746951401233673,0.9938045958603806,0.3865,0.08638674442475208,0.0961278280480094,0.09724012121782892,0.09210531582039622
16,15,train_both,1.032456874847412,1.049131155014038,0.1275717169046402,0.9895869834255605,0.2505,0.11844024897164726,0.1268430050499887,0.1277985002185609,0.12547325017219266
17,15,train_both,0.9354143142700195,0.9513118267059326,0.11166948825120926,0.9930946902128457,0.13125,0.09612683148312995,0.11352674727198975,0.11351090460806378,0.10455945629619934
18,15,train_both,0.9286931157112122,0.9440889954566956,0.11878038197755814,0.9937985279911241,0.49075,0.08890588687300616,0.09570739488787858,0.09969796394666569,0.09997193928538312
19,15,train_both,1.025007724761963,1.0352345705032349,0.12956547737121582,0.9904682396769827,0.0385,0.12193274163338834,0.14316315237988528,0.14529278230099757,0.12371803045273311
20,15,train_both,0.9709654450416565,0.9839447140693665,0.11899667233228683,0.99296984247507,0.44825,0.10882931280734548,0.11364667661853345,0.11376935157971033,0.11446483225531176